Crime ID,Month,Reported by,Falls within,Longitude,Latitude,Location,LSOA code,LSOA name,Outcome type
79a52a5d97c93c187a8dfd199026a9e5809c4ee597f1f3f1539ff69a491def8f,2024-04,Dyfed-Powys Police,Dyfed-Powys Police,-3.400837,51.943495,On or near Bailihelig Road,W01000489,Powys 017A,Offender given a caution
381bb7b99c3c7c3d205553dc663bf98981d6b477a035f463039f48a429c6d360,2024-04,Dyfed-Powys Police,Dyfed-Powys Police,,,No location,,,Unable to prosecute suspect
93ecd4311bf305d07fe18635ea76b4e9ada0f478edb7ac39cd413ea503136148,2024-04,Dyfed-Powys Police,Dyfed-Powys Police,,,No location,,,Unable to prosecute suspect
3b43e78238414ec75d8d08787070ab6457657cb8857f2a4e5b6b8ba3fe959c40,2024-04,Dyfed-Powys Police,Dyfed-Powys Police,,,No location,,,Suspect charged
8ae0317713624fa7c1cca88e824045bcca342a67969b13d4ecd3909aeb4c3243,2024-04,Dyfed-Powys Police,Dyfed-Powys Police,,,No location,,,Suspect charged
1d6eec549bd1675f432f7439ac23d8b0d8b8cf28416593c9cbd2bfbcecee6dd4,2024-04,Dyfed-Powys Police,Dyfed-Powys Police,,,No location,,,Local resolution
97b0d46e7d5eb171e7418482391417a942c269dd2970b8501449a9cec5936c92,2024-04,Dyfed-Powys Police,Dyfed-Powys Police,,,No location,,,Unable to prosecute suspect
0a99ec609b42e84f65b6c2e54ce208d5f2741a8ab28ff96d9dc15a5704475efd,2024-04,Dyfed-Powys Police,Dyfed-Powys Police,,,No location,,,Unable to prosecute suspect
b5b08ca2025b73c74a8e88acdeb6d980ca81cfb1508bafa4f107db5242a6c2fe,2024-04,Dyfed-Powys Police,Dyfed-Powys Police,,,No location,,,Investigation complete; no suspect identified
dc715545422ce48c6d895fb4eeacf4cad5392719fe6171b65a69ab813f2f53e0,2024-04,Dyfed-Powys Police,Dyfed-Powys Police,,,No location,,,Suspect charged
3de3b79520b94a5409f6aae16072712d3e20e442d253424dad566f658f608cfe,2024-04,Dyfed-Powys Police,Dyfed-Powys Police,,,No location,,,Unable to prosecute suspect
6ef22f0bcf2f4e26ca69429b4f5f78b79c9b6f6360fb5376fd3674506b6393a7,2024-04,Dyfed-Powys Police,Dyfed-Powys Police,,,No location,,,Action to be taken by another organisation
9d2756189164dde257166d1ca6fcb224b52a2a8ed6a32979201b06415d84f035,2024-04,Dyfed-Powys Police,Dyfed-Powys Police,-3.303632,52.824963,On or near Dol-Y-Bont,W01001906,Powys 001F,Unable to prosecute suspect
7a2ac1640a5107277bf7292cd30b16c8e09ca40beed5e0f2ea5e530cd2eda99b,2024-04,Dyfed-Powys Police,Dyfed-Powys Police,-3.253908,51.938751,On or near Lake View Close,W01001905,Powys 018H,Unable to prosecute suspect
e7411ce0880bcc213d5558e587988359ad6eb40808297cd3ad1bf3def88f92f0,2024-04,Dyfed-Powys Police,Dyfed-Powys Police,-3.986396,51.975236,On or near Golwyg Yr Allt,W01000709,Carmarthenshire 004D,Unable to prosecute suspect
ab46b9b40279c72060b8b663c18302c5808594d4a4b6a575e270200c83af54fc,2024-04,Dyfed-Powys Police,Dyfed-Powys Police,-4.138660,51.693335,On or near Llys Yr Onnen,W01000652,Carmarthenshire 020B,Unable to prosecute suspect
4dd754a5ac1f7feb7cc2ff4f61e1ca9f98943b4facd42e4dfbf315a1953c570f,2024-04,Dyfed-Powys Police,Dyfed-Powys Police,-3.139034,52.071405,On or near Birch Close,W01000446,Powys 015D,Unable to prosecute suspect
b892ae0a8fd87848cd941e8391d41c53d9b95b88ef0223d0df64c01851b53104,2024-04,Dyfed-Powys Police,Dyfed-Powys Police,-4.887997,51.697906,On or near Foss Way,W01000578,Pembrokeshire 014B,Unable to prosecute suspect
517829516768782eb2b9e210da46aeae8da13cd32a6fb5a8f8e3144223d9a2f3,2024-04,Dyfed-Powys Police,Dyfed-Powys Police,-4.165219,51.684386,On or near West End,W01000653,Carmarthenshire 023A,Unable to prosecute suspect
c17c99db2ba4808863f89864b944789b1351c95f02de175eca85416ac1c29ff6,2024-04,Dyfed-Powys Police,Dyfed-Powys Police,-3.303632,52.824963,On or near Dol-Y-Bont,W01001906,Powys 001F,Unable to prosecute suspect
8ba804365036002014044fee3a75d9911a4002c672055f6587c754fd781e335b,2024-04,Dyfed-Powys Police,Dyfed-Powys Police,-4.309329,51.856459,On or near Dark Gate,W01000641,Carmarthenshire 008A,Unable to prosecute suspect
08a6fbc3660bce7a0b6329436f786e61c8ec2758b5a1de3d6ceaea3ec3037165,2024-04,Dyfed-Powys Police,Dyfed-Powys Police,-4.143781,51.694851,On or near Heol Daniel,W01000655,Carmarthenshire 020C,Unable to prosecute suspect
65097788fbca3cdc73ce2ce916603b398ba19007eb5d8d32790373345421b96a,2024-04,Dyfed-Powys Police,Dyfed-Powys Police,-4.150671,51.686038,On or near Sunninghill Terrace,W01000705,Carmarthenshire 022C,Unable to prosecute suspect
5314c12abe337bce57d732ab050dc152ac60524fbf8c4deb771a06638d2fbe12,2024-04,Dyfed-Powys Police,Dyfed-Powys Police,-4.144752,51.685688,On or near Brynamlwg,W01000705,Carmarthenshire 022C,Unable to prosecute suspect
519633d5c446ae96a9e11d7ed67c520700d52bbf6b6fa51d689e3bd9ce3e5de6,2024-04,Dyfed-Powys Police,Dyfed-Powys Police,-4.978624,51.993444,On or near Supermarket,W01000566,Pembrokeshire 002C,Unable to prosecute suspect
5fd7db8e4a96693c50d6639f82c209607aca99b8c050d0ef74d81b6843c0b1ae,2024-04,Dyfed-Powys Police,Dyfed-Powys Police,-4.143635,51.700322,On or near Heol Maes Y Felin,W01001999,Carmarthenshire 019F,Unable to prosecute suspect
37bbf4dc9447c51d4b5a7256948987a55ccf179833aff27815b3b169dc189131,2024-04,Dyfed-Powys Police,Dyfed-Powys Police,-3.986730,51.792375,On or near Parking Area,W01000626,Carmarthenshire 013B,Unable to prosecute suspect
c7f8ffb6516f0c8bffccec24068f2861bbaaefde5a57573209fb62b533aeab6b,2024-04,Dyfed-Powys Police,Dyfed-Powys Police,-4.701643,51.673105,On or near White Lion Street,W01002014,Pembrokeshire 016E,Unable to prosecute suspect
8dacccad330bea95eec74b5bac7c4b603a57e60d71bedf9f65a6ec2206792a08,2024-04,Dyfed-Powys Police,Dyfed-Powys Police,-4.967404,51.802278,On or near Victoria Place,W01002009,Pembrokeshire 005E,Unable to prosecute suspect
77c91a429009806352098df4e5bd895f60e93a263d4e0a1798795fccdde92674,2024-04,Dyfed-Powys Police,Dyfed-Powys Police,-3.319271,52.510050,On or near Supermarket,W01000479,Powys 009B,Unable to prosecute suspect
a91f9a8e01013808f8b9eb37a1dbe48683b7b68c4e915fbedf991e519bc9e251,2024-04,Dyfed-Powys Police,Dyfed-Powys Police,-4.087233,51.690169,On or near Maenol Glasfryn,W01000691,Carmarthenshire 019B,Unable to prosecute suspect
26267eb282e618df1944f5be7c03d6c006de1cb32253a4b6f1e45f9f495a4b08,2024-04,Dyfed-Powys Police,Dyfed-Powys Police,-4.306821,51.857111,On or near Chapel Street,W01000641,Carmarthenshire 008A,Unable to prosecute suspect
9cb1858708a7a8c1be413fd7c2d784e791038c68dbc245806697e57249abc391,2024-04,Dyfed-Powys Police,Dyfed-Powys Police,-3.412953,52.514173,On or near Long Length,W01000433,Powys 006A,Unable to prosecute suspect
12c3b3e8dec64deb2794b143740bd2213e6191863bf153641890cb092c55e676,2024-04,Dyfed-Powys Police,Dyfed-Powys Police,-4.164810,51.683396,On or near Coldstream Street,W01000653,Carmarthenshire 023A,Unable to prosecute suspect
a8a3cb53c08b91aa84150c34ce1beae7e87c3ea5e7a72e23141826f87abf4ae9,2024-04,Dyfed-Powys Police,Dyfed-Powys Police,-4.160244,51.673480,On or near Parking Area,W01000659,Carmarthenshire 026A,Unable to prosecute suspect
b8668bc3e88f08c35bc8b8251faa432c99881224b122ad0b41194a49d8ca5f18,2024-04,Dyfed-Powys Police,Dyfed-Powys Police,-4.142282,51.691587,On or near Ger-Y-Maes,W01000652,Carmarthenshire 020B,Unable to prosecute suspect
827287b1eb7a0a658474aff05536c568d8fee0594f97fa67715211099bf46627,2024-04,Dyfed-Powys Police,Dyfed-Powys Police,-4.077803,52.110976,On or near New Street,W01000527,Ceredigion 008A,Unable to prosecute suspect
73e0dc78d5a768750730e71e898ef95ad1c2950fd88c0189aabc596a669f967e,2024-04,Dyfed-Powys Police,Dyfed-Powys Police,,,No location,,,Unable to prosecute suspect
a0ad571d70db74f7d7ed3be5ea977641ba6c656723042db2896beb24e6513cb6,2024-04,Dyfed-Powys Police,Dyfed-Powys Police,,,No location,,,Unable to prosecute suspect
e1226af6cbd5c1e5e858d1b5ff62a6e2ae4ccea1cbf8aa4ed65beffa277dad54,2024-04,Dyfed-Powys Police,Dyfed-Powys Police,,,No location,,,Unable to prosecute suspect
2a681bdc1c831039a91f0a69f8827e8c5729fe7d35fdc497b2e8e4d3a09852b1,2024-04,Dyfed-Powys Police,Dyfed-Powys Police,-4.229621,51.773998,On or near The Ashes,W01000696,Carmarthenshire 012C,Unable to prosecute suspect
84a29b896f6f98980d75f47b0666b3d445f677cdd96dc4e2e77e2f57ae75f89b,2024-04,Dyfed-Powys Police,Dyfed-Powys Police,,,No location,,,Unable to prosecute suspect
9d5bb80f321b04cca8c7443c323a07f8c0be86929de39904282b475ad2108836,2024-04,Dyfed-Powys Police,Dyfed-Powys Police,-4.060067,51.798837,On or near Glan-Y-Gors,W01000713,Carmarthenshire 015E,Unable to prosecute suspect
5c157aa39a59c2ae800b35512ba93222103d2458396f4d09d6673ca88eae5cc0,2024-04,Dyfed-Powys Police,Dyfed-Powys Police,-4.055040,51.803430,On or near Blaen Emlyn,W01000713,Carmarthenshire 015E,Unable to prosecute suspect
c4f5fc8312da33cf7615f97cdd7090ece5bb2ce45508e528fd1d520a623da8c9,2024-04,Dyfed-Powys Police,Dyfed-Powys Police,-4.680595,52.008946,On or near Parking Area,W01000560,Pembrokeshire 001C,Unable to prosecute suspect
592491e0a86ea2d1c881442661c568e659b31314f7a5db1472e6a4fdc55adc4b,2024-04,Dyfed-Powys Police,Dyfed-Powys Police,-4.117365,51.682588,On or near Llys Caradog,W01000707,Carmarthenshire 025D,Unable to prosecute suspect
65a6d5cbfefbe4fce2299fac93b6ba970c622808f9863f7a0d7c3ff1a66d90f5,2024-04,Dyfed-Powys Police,Dyfed-Powys Police,-4.242512,51.717360,On or near Heol Waunyclun,W01000729,Carmarthenshire 018C,Unable to prosecute suspect
faffbfc505f1af1f63e8551d1bbba5298de1cbad13ecee418aaae316582e2518,2024-04,Dyfed-Powys Police,Dyfed-Powys Police,,,No location,,,Unable to prosecute suspect
b1e19a23629f6eb0b667e34a79f7b6726220d36eb706f85175797ad24bc705a9,2024-04,Dyfed-Powys Police,Dyfed-Powys Police,-4.306821,51.857111,On or near Chapel Street,W01000641,Carmarthenshire 008A,Unable to prosecute suspect
6a6067e9b71dbdbddc81cd225ce7b3ed7c1d6482fa05939e73743c1ad949dc7f,2024-04,Dyfed-Powys Police,Dyfed-Powys Police,-4.059277,52.100358,On or near Cae Coedmore,W01000701,Carmarthenshire 001C,Unable to prosecute suspect
6975cee608862e0ceb48603526803385c5aa6828d4aa2486568b6083955acc88,2024-04,Dyfed-Powys Police,Dyfed-Powys Police,-4.979390,51.995633,On or near Shopping Area,W01000565,Pembrokeshire 002B,Unable to prosecute suspect
522a201b221042f305feb8afebdbf799aa7dee576556f92c434603b64ef6ff22,2024-04,Dyfed-Powys Police,Dyfed-Powys Police,-4.166345,51.691919,On or near Heol Ynys Y Cwm,W01000667,Carmarthenshire 023C,Unable to prosecute suspect
470a7f91a9210420c7c332b7f362d950897699eaf94bd8dfaab055b96f8ccfdf,2024-04,Dyfed-Powys Police,Dyfed-Powys Police,-4.116081,51.681424,On or near Trallwm Road,W01000636,Carmarthenshire 025B,Unable to prosecute suspect
c97c57aad3d948e4fdcd5f1a28c4ee9e6caee90c4cebb6b2f7b014f9b9a6a91f,2024-04,Dyfed-Powys Police,Dyfed-Powys Police,-4.164527,51.781393,On or near Furnace Terrace,W01000716,Carmarthenshire 016D,Unable to prosecute suspect
f9c0a6f24e7fb1025084e7b59d92ed69d4f8b88a15fc69c94fd6cebc77e3e9c4,2024-04,Dyfed-Powys Police,Dyfed-Powys Police,-4.161786,51.680960,On or near Cowell Street,W01000654,Carmarthenshire 023B,Unable to prosecute suspect
437fe1cef2cec21fc065a810619321fd2ed4730b3871f7e859df8729871bf648,2024-04,Dyfed-Powys Police,Dyfed-Powys Police,-4.134764,51.692336,On or near Hospital,W01000652,Carmarthenshire 020B,Unable to prosecute suspect
73754fa4a68e9f0e9f75b584945fd88325ca6767c553cbc6a473671c0a44ec6e,2024-04,Dyfed-Powys Police,Dyfed-Powys Police,-4.337425,51.850185,On or near Lon Ty Cwm,W01000642,Carmarthenshire 008B,Unable to prosecute suspect
5c1e6b9c04ef9bc1837cb81365a0b2214e2350c73e7bc71ee37fa66796516c70,2024-04,Dyfed-Powys Police,Dyfed-Powys Police,-4.337425,51.850185,On or near Lon Ty Cwm,W01000642,Carmarthenshire 008B,Unable to prosecute suspect
d353d23df1fe9ca67fe5ee341227886beb27a1fdf6782c2e92a4a5fdbe19e460,2024-04,Dyfed-Powys Police,Dyfed-Powys Police,-4.337425,51.850185,On or near Lon Ty Cwm,W01000642,Carmarthenshire 008B,Unable to prosecute suspect
beb1b1581868cc953cb4636faeb8869cf98b8bc61d3e2f4091900d352004b76b,2024-04,Dyfed-Powys Police,Dyfed-Powys Police,-4.178406,51.683648,On or near Heol Pibydd Y Dorlan,W01001925,Carmarthenshire 023F,Unable to prosecute suspect
82ba6197581e6e597d3ef58b79ce280d5141e716f41747aa8a2c4eb0bb32ab8f,2024-04,Dyfed-Powys Police,Dyfed-Powys Police,-4.072323,52.409574,On or near Sports/Recreation Area,W01001935,Ceredigion 003E,Unable to prosecute suspect
b6559276a6b8d5706d1770ae187ea2115fb6c1c2fcb04b6ba6e71120a075245e,2024-04,Dyfed-Powys Police,Dyfed-Powys Police,-4.245331,51.683376,On or near Glanmor Terrace,W01000633,Carmarthenshire 021B,Unable to prosecute suspect
4b352476277d78090c3a9a05aaf1568eb768aa690f2d4301622d0168acf9b17d,2024-04,Dyfed-Powys Police,Dyfed-Powys Police,-3.307574,52.511788,On or near Colwyn,W01000480,Powys 008A,Unable to prosecute suspect
f26a8e5c11fc0d1ebdef9cf58b548b0859e996959161b6e5c8a84c85dadfc09b,2024-04,Dyfed-Powys Police,Dyfed-Powys Police,-3.315002,52.514277,On or near Market Street,W01000480,Powys 008A,Unable to prosecute suspect
ca48277877c04a20d655709e57a4fa070b95051cd6a655366d9aa0040a42981e,2024-04,Dyfed-Powys Police,Dyfed-Powys Police,-4.144671,52.105659,On or near Bro Llan,W01000541,Ceredigion 008E,Unable to prosecute suspect
43e56b89025786a404284dc8ec531121b42c437fa071196cb7a6f0726d098515,2024-04,Dyfed-Powys Police,Dyfed-Powys Police,-4.485450,51.860737,On or near Ger-Y-Nant,W01000728,Carmarthenshire 003D,Unable to prosecute suspect
68e469f4dab514a2befd71a612b9ed3d90c306c1d4b79576774723f66686378b,2024-04,Dyfed-Powys Police,Dyfed-Powys Police,-3.314502,52.514804,On or near The Bank,W01000480,Powys 008A,Unable to prosecute suspect
7b7dc59fb5b2119d3e68403a5dacb2ef12dc0d48f8c0cc6a95b386641ee348c7,2024-04,Dyfed-Powys Police,Dyfed-Powys Police,-3.313271,52.514566,On or near Shortbridge Street,W01000480,Powys 008A,Unable to prosecute suspect
8a71a55691cdda2cc4d62c32768bf6a95545234d0605e3981f601ef7b76f7e7d,2024-04,Dyfed-Powys Police,Dyfed-Powys Police,-4.941015,51.695267,On or near Supermarket,W01000600,Pembrokeshire 013A,Unable to prosecute suspect
66877ff144b8b2aa17d32bf3f5a64f8b5d39cc5cbfa43d978dbd6835cfd97e99,2024-04,Dyfed-Powys Police,Dyfed-Powys Police,-4.166683,51.874416,On or near Llys Egwad,W01000682,Carmarthenshire 005B,Unable to prosecute suspect
db98dda586e381656908e3535f93447b657086c0279f020e0acb1c0c773352bc,2024-04,Dyfed-Powys Police,Dyfed-Powys Police,,,No location,,,Unable to prosecute suspect
0e43d99ee793dc2f5e206bb8f2dc58df918d9420a4bb3f72fb4c4238e9cf115f,2024-04,Dyfed-Powys Police,Dyfed-Powys Police,-4.946226,51.692384,On or near Parking Area,W01000600,Pembrokeshire 013A,Unable to prosecute suspect
19068988bf61ec2f6eecca0f373ead9191d9a260b4749d6f1c4c0a3cfb853adb,2024-04,Dyfed-Powys Police,Dyfed-Powys Police,-4.136369,52.228488,On or near Petrol Station,W01000524,Ceredigion 005B,Unable to prosecute suspect
46eb9044914665ff6fc25b86defb2623837debb4250fe3097e34377ec4b9fa24,2024-04,Dyfed-Powys Police,Dyfed-Powys Police,-4.985536,51.799390,On or near Foley Way,W01000571,Pembrokeshire 006A,Unable to prosecute suspect
02ec7ebbe13b20ade302bd31248d5bad428665350fbed9c083d5100298679605,2024-04,Dyfed-Powys Police,Dyfed-Powys Police,-4.061602,52.400831,On or near Gwel Afon,W01000516,Ceredigion 003B,Unable to prosecute suspect
64e291755a641b4cb784ab89b0cd6e6943ff9ddf20ed974fbf27d7fc401b3644,2024-04,Dyfed-Powys Police,Dyfed-Powys Police,-4.161606,51.675046,On or near Clos Gathen,W01000734,Carmarthenshire 026F,Unable to prosecute suspect
3ea46f4e5617aa0f7dd89a08ab0592dc241d3e03d9fcd0bd7eeea37a9172b826,2024-04,Dyfed-Powys Police,Dyfed-Powys Police,-3.676174,52.088151,On or near Parking Area,W01000471,Powys 014E,Unable to prosecute suspect
45ff374970d4587897a5f9c37c792ba5b2af4e6d5c9837c03e8fce04b563d757,2024-04,Dyfed-Powys Police,Dyfed-Powys Police,-3.147700,52.564611,On or near Manor House Close,W01000476,Powys 005C,Unable to prosecute suspect
a162a30da0c6671d2b1c44f56828bda9270ed482201a76127b97246255ee313c,2024-04,Dyfed-Powys Police,Dyfed-Powys Police,-4.969055,51.806859,On or near Supermarket,W01000572,Pembrokeshire 005D,Unable to prosecute suspect
f976e1759dea3c64f8d2d0851453ae1af1f61e7c7c1079ba8911e16db4c672a4,2024-04,Dyfed-Powys Police,Dyfed-Powys Police,-4.166651,51.687103,On or near Courtenay Road,W01000653,Carmarthenshire 023A,Unable to prosecute suspect
7ef90655edc296c826755833d9d712d1271f1e188c0d8972b88c8c5f66492384,2024-04,Dyfed-Powys Police,Dyfed-Powys Police,-4.106988,51.680311,On or near Caegar,W01000636,Carmarthenshire 025B,Unable to prosecute suspect
ba21b17de58d82ef135619d6ce5fe1058d0cb6a4c282e3c50b49e70cdbd887ea,2024-04,Dyfed-Powys Police,Dyfed-Powys Police,-3.316645,52.516012,On or near Wesley Place,W01000480,Powys 008A,Unable to prosecute suspect
8a81a503cdac73281eb3062c55b9196c3303e9ded2331e83a4499e1777ec21ae,2024-04,Dyfed-Powys Police,Dyfed-Powys Police,-3.001570,52.270711,On or near Orchard Close,W01000486,Powys 011G,Unable to prosecute suspect
70b528a2ba00b2eab26c3aacb7113a0d1d2e889a6824a38e73a794d77369e038,2024-04,Dyfed-Powys Police,Dyfed-Powys Police,-4.961785,51.817232,On or near Glanafon Gardens,W01000611,Pembrokeshire 004C,Unable to prosecute suspect
f785e7d11b15d502ad909d8238b4954eaebbf61d12d761db6975c176d58ca86b,2024-04,Dyfed-Powys Police,Dyfed-Powys Police,-4.659381,52.084141,On or near William Street,W01000510,Ceredigion 009D,Unable to prosecute suspect
92c72da664be14cfcbb08b057a1ca75557690ae84209f62065850b966ded5dc1,2024-04,Dyfed-Powys Police,Dyfed-Powys Police,,,No location,,,Unable to prosecute suspect
810e8a1dbc0847823d7871cf4c2ec721e3680d47e8c269d0e0c0ce02bc70f92d,2024-04,Dyfed-Powys Police,Dyfed-Powys Police,-3.143125,52.657560,On or near Police Station,W01000498,Powys 003A,Unable to prosecute suspect
2d1cd9ebf2fe6dd3eaae65029c30e48b6f04df6f6d6cf5681ddfc9b9b1cd81f4,2024-04,Dyfed-Powys Police,Dyfed-Powys Police,,,No location,,,Unable to prosecute suspect
95bf9d9a3d99db0daf2fc025b95ce9841298eba61a2da31253214a62855ab082,2024-04,Dyfed-Powys Police,Dyfed-Powys Police,-4.308115,52.043249,On or near High Street,W01000533,Ceredigion 010D,Unable to prosecute suspect
ca40105cf4f9a43d2900c117f8863ab7ea4d6114fad32f12cea25c4f28a26527,2024-04,Dyfed-Powys Police,Dyfed-Powys Police,,,No location,,,Unable to prosecute suspect
46b2a52febec6ec2db94265ef3446668c1201337bbc586246ca5692abbfd040b,2024-04,Dyfed-Powys Police,Dyfed-Powys Police,-4.160244,51.673480,On or near Parking Area,W01000659,Carmarthenshire 026A,Unable to prosecute suspect
f48787e45f652670e0f17dc246e287b363003ec70da4d5bbe91ed4a9b44276f5,2024-04,Dyfed-Powys Police,Dyfed-Powys Police,,,No location,,,Unable to prosecute suspect
9e1659f7c58e85c557784bb7792e7a6b23da198132aa91d4955ab038cba79e4a,2024-04,Dyfed-Powys Police,Dyfed-Powys Police,-4.167337,51.676946,On or near Amos Street,W01000732,Carmarthenshire 026D,Unable to prosecute suspect
8aea5b509a93ce71e746899ecc5a204d74851fbdbaa73bc7e48cc241fd51d3c9,2024-04,Dyfed-Powys Police,Dyfed-Powys Police,-5.043821,51.713252,On or near St Anne's Road,W01000589,Pembrokeshire 012A,Unable to prosecute suspect
8ea6ea4678beb068633d366ff22646683240e75b922dcc04b27c9baa2bd536b5,2024-04,Dyfed-Powys Police,Dyfed-Powys Police,-3.379360,52.236313,On or near Temple Avenue,W01000456,Powys 013C,Unable to prosecute suspect
c2c49d1bb7dde796a53068f14f3a4bcfe645452fef96c30bf9e6ca258ccafbef,2024-04,Dyfed-Powys Police,Dyfed-Powys Police,,,No location,,,Unable to prosecute suspect
ccba02665a2bca373455342ef3343a5ed90b9c1bc6df2871783af81749346db0,2024-04,Dyfed-Powys Police,Dyfed-Powys Police,,,No location,,,Unable to prosecute suspect
69c2e21ab89c677a2f3287d57da14f20874751d320e5670a990e6d6c11329013,2024-04,Dyfed-Powys Police,Dyfed-Powys Police,,,No location,,,Unable to prosecute suspect
848a8330fade9f46563e96c142eea86685607fc07176bf43d186f7cd6c567dd0,2024-04,Dyfed-Powys Police,Dyfed-Powys Police,-4.647396,51.970649,On or near Theatre/Concert Hall,W01000561,Pembrokeshire 001D,Unable to prosecute suspect
aa2031266515df5fb142ece5bfdd06962029af447a6c26d0ebfa3fada16819f1,2024-04,Dyfed-Powys Police,Dyfed-Powys Police,-4.986689,51.801474,On or near Gerald Road,W01000570,Pembrokeshire 005C,Unable to prosecute suspect
1bfbfae7c6974971730d656dd9005971b790052edf81ffca462b6d2c30c9301b,2024-04,Dyfed-Powys Police,Dyfed-Powys Police,-4.306399,51.847722,On or near A48,W01000694,Carmarthenshire 008D,Unable to prosecute suspect
1fedf4205a7a6de91a088da7fe01275bd95c5806613ae5a0363b4828b6689e62,2024-04,Dyfed-Powys Police,Dyfed-Powys Police,,,No location,,,Unable to prosecute suspect
f6fa3e7074005032c9d1862d37405360bef482aa3e46337a26b702bbe170060f,2024-04,Dyfed-Powys Police,Dyfed-Powys Police,-4.309869,51.941770,On or near Nant-Yr-Ynys,W01000648,Carmarthenshire 006D,Unable to prosecute suspect
27ff76f61e6937c86970df00ec1f7f67e3ac45b1327d2e8d187719ee52dd0e0b,2024-04,Dyfed-Powys Police,Dyfed-Powys Police,,,No location,,,Unable to prosecute suspect
f318e69aa9b693ba8445429d4e53e49437b608153ce305c1b4c82c7648d938fe,2024-04,Dyfed-Powys Police,Dyfed-Powys Police,,,No location,,,Unable to prosecute suspect
a35f36db2e23db7a989117fa3d99487ad4c7e90853597872ab1c43b6f48c7573,2024-04,Dyfed-Powys Police,Dyfed-Powys Police,-5.057436,51.712898,On or near John Lewis Street,W01000592,Pembrokeshire 012D,Unable to prosecute suspect
afaeaa5a4d8e3e178f1e9b1800de8cc8fb152cb95072cb1b5beacb7beb093d85,2024-04,Dyfed-Powys Police,Dyfed-Powys Police,,,No location,,,Unable to prosecute suspect
67274f8b9864e4817eb561fb21c8a7979b49a675849f4f5af8446e5dccd7c82f,2024-04,Dyfed-Powys Police,Dyfed-Powys Police,,,No location,,,Unable to prosecute suspect
3f9b0459f0194a6333ba8a7741756e664d50f4e85488d43444d36317b1343949,2024-04,Dyfed-Powys Police,Dyfed-Powys Police,-4.112002,51.680491,On or near Pant Bryn Isaf,W01000636,Carmarthenshire 025B,Unable to prosecute suspect
f30378c2eaa9dcdf9843959a41cae4df324e1ba4029bdc93b10ff644dbe57819,2024-04,Dyfed-Powys Police,Dyfed-Powys Police,-5.031423,51.711243,On or near Slip Hill,W01000587,Pembrokeshire 010A,Unable to prosecute suspect
9f13dff02f156d785e4c3b5d98816e75418517fb0610f15f88590c4bf0c4832a,2024-04,Dyfed-Powys Police,Dyfed-Powys Police,-4.225188,51.763750,On or near Maesgwyn,W01000696,Carmarthenshire 012C,Unable to prosecute suspect
61ec4fc400d837154c4307d71b73af1053ce7ed3c37fbac74edf6e37aa169a9c,2024-04,Dyfed-Powys Police,Dyfed-Powys Police,,,No location,,,Unable to prosecute suspect
e6fb54bdff623a305d3bff82290410f42249774c51323b569a09d92ec9e9c841,2024-04,Dyfed-Powys Police,Dyfed-Powys Police,-4.116081,51.681424,On or near Trallwm Road,W01000636,Carmarthenshire 025B,Unable to prosecute suspect
372fbb9de47d34042d789231cfadeaabe4a031e5c92530115e6daa5aa5f0355c,2024-04,Dyfed-Powys Police,Dyfed-Powys Police,-3.315224,52.515812,On or near Turner's Lane,W01000480,Powys 008A,Unable to prosecute suspect
20ee126fada08ab46053187e26dade0290a87c6d2771022b799f28080255e9dd,2024-04,Dyfed-Powys Police,Dyfed-Powys Police,,,No location,,,Unable to prosecute suspect
02694da1a14c8477f06affae5841aee3ba54a841fcd8ef1ff3f757b79fc1a305,2024-04,Dyfed-Powys Police,Dyfed-Powys Police,,,No location,,,Unable to prosecute suspect
d19fb913b06d249e6ed5d7a9139630e870b0c9b627da4d21edd36fa4dd31d0ea,2024-04,Dyfed-Powys Police,Dyfed-Powys Police,-4.140431,51.676891,On or near Shopping Area,W01000628,Carmarthenshire 024A,Unable to prosecute suspect
5b199cff2595f4a9fd8d2c0e4814cddd3691dc61938f1684a29157dd462b43cf,2024-04,Dyfed-Powys Police,Dyfed-Powys Police,-4.658775,52.084748,On or near Feidrfair,W01000510,Ceredigion 009D,Unable to prosecute suspect
ecc3bbc321c1194a22605e386545141390398915897541dc5e524d977e36cf04,2024-04,Dyfed-Powys Police,Dyfed-Powys Police,-4.964988,51.808122,On or near Church Lane,W01000572,Pembrokeshire 005D,Unable to prosecute suspect
d3dae6a56e91c29af4e9d1c3fc40caf8dd9a33a4a23b0c3388a93cdbb0b66430,2024-04,Dyfed-Powys Police,Dyfed-Powys Police,-4.144557,52.305031,On or near Heol Islwyn,W01000538,Ceredigion 005C,Unable to prosecute suspect
ca42a01efc0ffc294d5c37b210edb3a480686d591400c4b4a6e98c720e8618f8,2024-04,Dyfed-Powys Police,Dyfed-Powys Police,-4.285807,51.692235,On or near Dan-Y-Bryn,W01000711,Carmarthenshire 021E,Unable to prosecute suspect
717245bb52300b3952762ad48ba59cf6e0ae71579c13aa561022c42a41790673,2024-04,Dyfed-Powys Police,Dyfed-Powys Police,-3.748434,52.046395,On or near Bronhaul,W01000678,Carmarthenshire 002C,Unable to prosecute suspect
6877304bda13460662f8c6ba16429adba0ffa383defcbabc256b7f064f6b109f,2024-04,Dyfed-Powys Police,Dyfed-Powys Police,-4.139436,51.798965,On or near Nant Y Dderwen,W01000663,Carmarthenshire 016B,Unable to prosecute suspect
2bfe977f2ca41ff3b321a9d0732f62d229a35278bd989615fd4f72fdcfcccfe5,2024-04,Dyfed-Powys Police,Dyfed-Powys Police,-4.542490,52.131910,On or near Parking Area,W01000508,Ceredigion 009B,Unable to prosecute suspect
6907e2d6117eb87a4365b81c33f65bcfd3b10f297688d2ecad9aae8abb000bce,2024-04,Dyfed-Powys Police,Dyfed-Powys Police,,,No location,,,Unable to prosecute suspect
3acdf4143c1b3517c1777fb9db1b9bf0be9f978e32a9394639e1feecc5e447dc,2024-04,Dyfed-Powys Police,Dyfed-Powys Police,,,No location,,,Unable to prosecute suspect
c5337a048f4d2b65808ef2cf004a65c6722a22441b5c7969a7bfb3e9911ec523,2024-04,Dyfed-Powys Police,Dyfed-Powys Police,,,No location,,,Unable to prosecute suspect
80e13b59c1bcb6e752ac552d742ac5abca4cb50bf9dc34863bc4e45a6edb8b86,2024-04,Dyfed-Powys Police,Dyfed-Powys Police,-4.398023,52.023710,On or near Parc Meiros,W01000688,Carmarthenshire 003B,Unable to prosecute suspect
a67af6fa18badb8206947de8e855187f408f5cc0c213129841eff856e58c5009,2024-04,Dyfed-Powys Police,Dyfed-Powys Police,-4.618419,52.072387,On or near Waun Giach,W01000546,Ceredigion 009F,Unable to prosecute suspect
a4adf0ec331e502b8fd325bdff06eed90903536b1650698227a9039ea447f2cd,2024-04,Dyfed-Powys Police,Dyfed-Powys Police,-4.151794,51.676764,On or near Y Bwthyn,W01000631,Carmarthenshire 024D,Unable to prosecute suspect
8dfc6dec685eb71c37202e9cf24bff33bc7c7818234579d57544cb34dde1ef18,2024-04,Dyfed-Powys Police,Dyfed-Powys Police,-4.151794,51.676764,On or near Y Bwthyn,W01000631,Carmarthenshire 024D,Unable to prosecute suspect
30ebef9efcd5c585200a30d651d784a2083e9185b8083f7075570700a122c75b,2024-04,Dyfed-Powys Police,Dyfed-Powys Police,-4.142683,51.696409,On or near Ynyswen,W01000655,Carmarthenshire 020C,Unable to prosecute suspect
e7698a440baee5bc7bc3f26e971caf6841eed44ac292d3c2ff7c3575908be234,2024-04,Dyfed-Powys Police,Dyfed-Powys Police,-4.952105,51.711106,On or near Charles Street,W01000599,Pembrokeshire 009D,Unable to prosecute suspect
5558a8d244666cb420e10c2c4405f929415eafa3bdd5b6050122e15b2049e450,2024-04,Dyfed-Powys Police,Dyfed-Powys Police,-4.308815,52.042120,On or near King Street,W01000533,Ceredigion 010D,Unable to prosecute suspect
ffdb66e7bb11c9b97094b3f835b17ee05d56b5dbbc8099097ad793668662fc56,2024-04,Dyfed-Powys Police,Dyfed-Powys Police,,,No location,,,Unable to prosecute suspect
9c1882930be3eabfc636f1b3c14cf8025be67cf270617cf005d66d8dd621b571,2024-04,Dyfed-Powys Police,Dyfed-Powys Police,,,No location,,,Unable to prosecute suspect
7565ce4a4ba0b638b8e5b82f2665a7d42bc983d47b941b8f1e5d0687b13be949,2024-04,Dyfed-Powys Police,Dyfed-Powys Police,-4.209527,52.108103,On or near Cae Sarn,W01000541,Ceredigion 008E,Unable to prosecute suspect
d41f0e434bc5a59cc3b7151bffe675a66e416813b72f5a3afe820e4400925b24,2024-04,Dyfed-Powys Police,Dyfed-Powys Police,-3.311619,52.514000,On or near Parking Area,W01000480,Powys 008A,Unable to prosecute suspect
18e61fe792574104fe3b54dba0c0fed6d71c947fd648beec4babf5e99f673252,2024-04,Dyfed-Powys Police,Dyfed-Powys Police,-4.158377,52.073181,On or near A485,W01000702,Carmarthenshire 001D,Unable to prosecute suspect
6c3fc60430de760bd79d005ef7645efe24e60a4e531b41372a597da36af1ec0a,2024-04,Dyfed-Powys Police,Dyfed-Powys Police,-4.158377,52.073181,On or near A485,W01000702,Carmarthenshire 001D,Unable to prosecute suspect
4e4fb57c611efb4dbba47b70e4c8cadf486ef0efcc8bfb9c6b1cc5b4f7d79259,2024-04,Dyfed-Powys Police,Dyfed-Powys Police,-4.158377,52.073181,On or near A485,W01000702,Carmarthenshire 001D,Unable to prosecute suspect
e905d6cf8961bb58b336bb7b2ed26988df1ff1da0798ab43001793d2911d000d,2024-04,Dyfed-Powys Police,Dyfed-Powys Police,-4.469517,52.035766,On or near Penlan Terrace,W01000646,Carmarthenshire 003A,Unable to prosecute suspect
5a61468181698196ccf4c2a07177b0eb851440528e2b6edc229e79abd87e3463,2024-04,Dyfed-Powys Police,Dyfed-Powys Police,-4.967889,51.801699,On or near Nightclub,W01002009,Pembrokeshire 005E,Unable to prosecute suspect
cd5d0e407d80ae677cac89a41bf492e66affe2d0bdc48093e196ca267d0b63ae,2024-04,Dyfed-Powys Police,Dyfed-Powys Police,,,No location,,,Unable to prosecute suspect
fab5a28b77e3c86f5839346e5fea74c22477514233795efbae69b20c70a20cbf,2024-04,Dyfed-Powys Police,Dyfed-Powys Police,-4.168193,51.678513,On or near Brynmor Road,W01000654,Carmarthenshire 023B,Offender given a caution
485dcea0759b43a88442aede7dabcdf442a03e9232caa9b4f1a12faad2c4de91,2024-04,Dyfed-Powys Police,Dyfed-Powys Police,-4.149268,52.071280,On or near Cysgod y Cwm,W01000702,Carmarthenshire 001D,Unable to prosecute suspect
2fe31f76486fb80c887fcac49878f56f96c257ea7942c3757a481f75c2fd3c93,2024-04,Dyfed-Powys Police,Dyfed-Powys Police,,,No location,,,Unable to prosecute suspect
d15a94ccdbc7493acb3f041d065fb751602f93b684f9db5e945b009fc6bb4537,2024-04,Dyfed-Powys Police,Dyfed-Powys Police,,,No location,,,Unable to prosecute suspect
2b633daa8ef20b0cfd90b09f4db598068a0fa4e6df72aef0416dd7f03c873ca9,2024-04,Dyfed-Powys Police,Dyfed-Powys Police,-4.661328,52.083715,On or near Shopping Area,W01000511,Ceredigion 009E,Unable to prosecute suspect
ebd0b8740386bebe4af1426c5d3c9aea5c9cc54e067418e06f8669e5ecae7c52,2024-04,Dyfed-Powys Police,Dyfed-Powys Police,-3.796686,51.996151,On or near Victoria Crescent,W01000679,Carmarthenshire 002D,Unable to prosecute suspect
f6be1911d5f681f286ec372a599ed51e2e86f5106da37a313bad9acc05ec715e,2024-04,Dyfed-Powys Police,Dyfed-Powys Police,,,No location,,,Unable to prosecute suspect
b02653979682a7ae9683568a4050926281282a67b440dbba9f48c380a975fbee,2024-04,Dyfed-Powys Police,Dyfed-Powys Police,-4.107977,51.810145,On or near Heol Dinefwr,W01000663,Carmarthenshire 016B,Unable to prosecute suspect
7e1ea05fea79f3b1b55ba68917e29c4acdf3bb73d3deefb47b7943d508f31d71,2024-04,Dyfed-Powys Police,Dyfed-Powys Police,,,No location,,,Unable to prosecute suspect
596ab96d35f3f6c86dbeedb4fddd293bd66c1013cf5f0b5464d1ddae055a29a8,2024-04,Dyfed-Powys Police,Dyfed-Powys Police,-4.178083,51.685659,On or near Iscoed,W01000667,Carmarthenshire 023C,Unable to prosecute suspect
6e8bca615d745c55bd96c8a4648325218d92ee6c6f92216346036f4b495debbc,2024-04,Dyfed-Powys Police,Dyfed-Powys Police,-4.941226,51.693382,On or near Lewis Street,W01000600,Pembrokeshire 013A,Unable to prosecute suspect
9b0db88d977b2afe36cc53b275ad028fa0c391fad32451c846332b10dfff92e5,2024-04,Dyfed-Powys Police,Dyfed-Powys Police,,,No location,,,Unable to prosecute suspect
18a7948f46514a4340d3f0006754abac9488acae74f91fefda3d9c8bafe6fe49,2024-04,Dyfed-Powys Police,Dyfed-Powys Police,,,No location,,,Unable to prosecute suspect
ed20222cb18e88be5cbf15117e3da5556ae7bf7ff6d0f563a8c31ab01da019d9,2024-04,Dyfed-Powys Police,Dyfed-Powys Police,-4.300982,51.860229,On or near Parking Area,W01000641,Carmarthenshire 008A,Unable to prosecute suspect
74bef98b9d18a471aa4aa00259a82d3b4b47c94ea727463b64dc8b012fb133e8,2024-04,Dyfed-Powys Police,Dyfed-Powys Police,-4.933784,51.694225,On or near Petrol Station,W01000602,Pembrokeshire 013C,Local resolution
9c7598b8227150b1d7a1f78a0f95cf809133f44ebb0864c2f0f8a99c1af0e97e,2024-04,Dyfed-Powys Police,Dyfed-Powys Police,-5.023463,51.718661,On or near Elm Lane,W01000588,Pembrokeshire 010B,Local resolution
88df1ad0c79da668471db8d29edcc2a7acc02a80804359c1f8f1dd8ef1383af3,2024-04,Dyfed-Powys Police,Dyfed-Powys Police,-4.708141,51.674852,On or near Supermarket,W01002014,Pembrokeshire 016E,Local resolution
d1d33a319dcb514739b6aecca33a7af748fd68a28b436ea64c15f225f6e39a8d,2024-04,Dyfed-Powys Police,Dyfed-Powys Police,-4.167940,51.778507,On or near Coalbrook Road,W01000716,Carmarthenshire 016D,Local resolution
03c953148179f0b88c390e94a90a8fa4a9ef87aba4f93d49ee352351467ef1bc,2024-04,Dyfed-Powys Police,Dyfed-Powys Police,-3.408126,51.945360,On or near Ashfield Place,W01000489,Powys 017A,Suspect charged
1b6a37c5830fe51f080a6bc1c1a2906b04140456829cc4922789d387c6fc4fa5,2024-04,Dyfed-Powys Police,Dyfed-Powys Police,-3.995747,51.786176,On or near Sports/Recreation Area,W01000625,Carmarthenshire 013A,Suspect charged
0f91f03e21f179cb0d5961af98df4c0bd59ec514196d4e9a2bc8d712843cb3de,2024-04,Dyfed-Powys Police,Dyfed-Powys Police,,,No location,,,Suspect charged
dcd4c6a38f6d5c9c3869db146be35545391ec5857669bb3ccb49e175d84006e5,2024-04,Dyfed-Powys Police,Dyfed-Powys Police,-4.286019,51.871321,On or near Bronwydd Road,W01000640,Carmarthenshire 007D,Suspect charged
d32d41ba2192b9c77b808537e6f81b6a02c2365c426ab5f108daf56b1e317885,2024-04,Dyfed-Powys Police,Dyfed-Powys Police,-3.342455,52.756520,On or near Foul Street,W01000461,Powys 001A,Suspect charged
01ed9776688b8a6bab9e5230fb9fac5118429c91d6de5945ab4d2547c99d8c2f,2024-04,Dyfed-Powys Police,Dyfed-Powys Police,-4.183362,52.276544,On or near Parking Area,W01000540,Ceredigion 005E,Suspect charged
482f03c4db75ef96653390d6266f1388617f28c0fb74be791dd86399047d8158,2024-04,Dyfed-Powys Police,Dyfed-Powys Police,-3.750390,51.781439,On or near Penrhiw,W01000505,Powys 021E,Suspect charged
6b52868c457f03b9a505b3440a85e718bff8b8ff644bffb1d813fc56d6d32211,2024-04,Dyfed-Powys Police,Dyfed-Powys Police,-4.968196,51.802402,On or near The Friars Lane,W01002009,Pembrokeshire 005E,Suspect charged
c849593ffe93b302a85976205677cb211e63c0274e30a57be733fbe49610c44a,2024-04,Dyfed-Powys Police,Dyfed-Powys Police,,,No location,,,Suspect charged
95362549c66f922e6a9cd107ee85babcd58a43beba820a8e6511148c4b507346,2024-04,Dyfed-Powys Police,Dyfed-Powys Police,-3.342455,52.756520,On or near Foul Street,W01000461,Powys 001A,Suspect charged
ae35854640378ba95f461c5ae115a8e085d1fa04e140e75949dc286d55511b8d,2024-04,Dyfed-Powys Police,Dyfed-Powys Police,-4.942634,51.867593,On or near The Close,W01000623,Pembrokeshire 004D,Suspect charged
d12efa31cd06bd7793837f3b64506b0de28cbb3152750c177f4cbcd7b18f76e7,2024-04,Dyfed-Powys Police,Dyfed-Powys Police,,,No location,,,Suspect charged
2cd322d171f8cdeba80e1a6a413d95f2c214fb8a50fb7667495ab5cac9e2c476,2024-04,Dyfed-Powys Police,Dyfed-Powys Police,,,No location,,,Suspect charged
998f30142b50d6a783c18b0fe2c622952b5518af132b3d73d22f5127cceab241,2024-04,Dyfed-Powys Police,Dyfed-Powys Police,-4.988931,51.801156,On or near Hywel Road,W01000570,Pembrokeshire 005C,Suspect charged
7930ac0a4ec12df656482d0713ab2ba4dd0cdf8ae66fc174d226d633272cc96b,2024-04,Dyfed-Powys Police,Dyfed-Powys Police,-3.525253,51.950581,On or near Parking Area,W01000503,Powys 020C,Suspect charged
c6277984bc033b161c93570dd9fdea2d2e715735e669e47561b1eeff55a9e58f,2024-04,Dyfed-Powys Police,Dyfed-Powys Police,-4.086524,52.414236,On or near Nightclub,W01000517,Ceredigion 002D,Suspect charged
fd6d7505f39f16be5a7c79b4c9d6ebef5f738e7a335fdd17bb19f0be80989d11,2024-04,Dyfed-Powys Police,Dyfed-Powys Police,,,No location,,,Suspect charged
a045294e050151b1a254bbd6849accc5ab8c9b0483ba3eb6969e3473f812c40f,2024-04,Dyfed-Powys Police,Dyfed-Powys Police,-4.166143,51.674351,On or near Nelson Terrace,W01000660,Carmarthenshire 026B,Suspect charged
036d1d7e891760aeb94bac4259c10d604579b5e99409200ab6be230cda30b64e,2024-04,Dyfed-Powys Police,Dyfed-Powys Police,,,No location,,,Suspect charged
3977a924277f81e6d3726a6a6fbd49d145f7ccef4eeee460e24086b2a40b6f15,2024-04,Dyfed-Powys Police,Dyfed-Powys Police,-4.165219,51.684386,On or near West End,W01000653,Carmarthenshire 023A,Suspect charged
3a42686190f4eac981cc5f58fb7ae98561dee9993232384424c349631e596ba6,2024-04,Dyfed-Powys Police,Dyfed-Powys Police,,,No location,,,Suspect charged
935a8176e26a52ff6b8cb4ac79907b67d510b59a68f19c01279cf32c5e43bc94,2024-04,Dyfed-Powys Police,Dyfed-Powys Police,,,No location,,,Suspect charged
917430d7e5bad523ad00426c2c0581d790f3a229ded4bbd0004e5f3a577cd57b,2024-04,Dyfed-Powys Police,Dyfed-Powys Police,,,No location,,,Suspect charged
bd43e8b43015b516760ab00072433623afac92b1aebd59a6c2ee24b0fe4e14d8,2024-04,Dyfed-Powys Police,Dyfed-Powys Police,-4.965247,51.812720,On or near Hospital,W01000572,Pembrokeshire 005D,Suspect charged
89a0346fe8c6ad074531cf2af02bc4b397ce962302dfaa96e18654e29dd7426c,2024-04,Dyfed-Powys Police,Dyfed-Powys Police,-4.325540,51.845555,On or near Plas Ioan,W01000642,Carmarthenshire 008B,Action to be taken by another organisation
fe0589298b9f0dc64c207d5518d1439aaeaae115399d01b6422fd54d206a54d1,2024-04,Dyfed-Powys Police,Dyfed-Powys Police,-4.973018,51.787728,On or near St Marks Close,W01000586,Pembrokeshire 006C,Suspect charged
7a0cd74cf62f891d1481ee5a7206206be00d383b3790ded68a1de595c9435001,2024-04,Dyfed-Powys Police,Dyfed-Powys Police,-4.065041,52.104708,On or near Heol Hathren,W01000701,Carmarthenshire 001C,Formal action is not in the public interest
c425952a97e4a6a2b31fe5ed2d6cb7edd0cb15930b6ea5800909d4b98736fa28,2024-04,Dyfed-Powys Police,Dyfed-Powys Police,-4.947599,51.708377,On or near Supermarket,W01000598,Pembrokeshire 009C,Formal action is not in the public interest
5822fbc46dec9cbfd43da090151eb41a688c4d44f94a4d49e3d3120aca5e8252,2024-04,Dyfed-Powys Police,Dyfed-Powys Police,-2.719905,52.745212,On or near Mayfield Close,E01035059,Shropshire 016E,Action to be taken by another organisation
f7b168964a91629a849517b0b30bd8acee971acdf13b89dd82ed796d8ace57e0,2024-04,Dyfed-Powys Police,Dyfed-Powys Police,-5.023657,51.710931,On or near Vicary Street,W01000587,Pembrokeshire 010A,Suspect charged
e80218e27c824a7adc7a7d0f370a65faf5a97005ab5b49953c7a335c826f79af,2024-04,Dyfed-Powys Police,Dyfed-Powys Police,-3.390316,52.599491,On or near Parking Area,W01000488,Powys 006C,Unable to prosecute suspect
8b207cced7f6200e7e86fdf409f94c8af1a5620e7b2642ad1fc8f5b576926365,2024-04,Dyfed-Powys Police,Dyfed-Powys Police,-4.078760,52.410417,On or near Police Station,W01000518,Ceredigion 003C,Suspect charged
533ab81ee851d5479b930fe7d44f29c1d12cea3f61afe9ec302f286d9e2a60d0,2024-04,Dyfed-Powys Police,Dyfed-Powys Police,-4.698935,51.711461,On or near Cambrian Place,W01002013,Pembrokeshire 011G,Suspect charged
93fded415451ed9f8eae86dcc9141934932f24c190778f9e3c850cb22510063e,2024-04,Dyfed-Powys Police,Dyfed-Powys Police,-3.342455,52.756520,On or near Foul Street,W01000461,Powys 001A,Suspect charged
cb6c7122a81e960065c1c944187ffa51563eacbd528cf3f14e9d2f95301da914,2024-04,Dyfed-Powys Police,Dyfed-Powys Police,-3.135098,52.662699,On or near Little Henfaes Drive,W01000499,Powys 003B,Suspect charged
2cca410666b2f12ec228b325fe916d34d773539f29bf80e0441d039455306f7a,2024-04,Dyfed-Powys Police,Dyfed-Powys Police,-3.342455,52.756520,On or near Foul Street,W01000461,Powys 001A,Suspect charged
c83e9d45942a4836718182eea0609814f98d9bdc51029d302ef5b7433f929d7f,2024-04,Dyfed-Powys Police,Dyfed-Powys Police,-4.084712,52.412699,On or near Powell Street,W01000513,Ceredigion 002B,Suspect charged
e4cf2be745e7aa6d9d19d2b4d746069b61c1850a1bfdcefb57fea82908962288,2024-04,Dyfed-Powys Police,Dyfed-Powys Police,,,No location,,,Suspect charged
7afd3a0d86b7b9ab24159068894ec1310d467b13cb978e688c61ea88dd480b45,2024-04,Dyfed-Powys Police,Dyfed-Powys Police,-4.078760,52.410417,On or near Police Station,W01000518,Ceredigion 003C,Suspect charged
208e3a2868eaffd05ecc566cc1dc4340dc15dd639b4716efacd96552600727e3,2024-04,Dyfed-Powys Police,Dyfed-Powys Police,-4.154230,51.668069,On or near Maes Y Bwlch,W01001924,Carmarthenshire 026H,Offender given a caution
49c7cc0a9ac7fde489af3d437507970dea1cacb01174443c536c7a47d7d6af26,2024-04,Dyfed-Powys Police,Dyfed-Powys Police,-4.121276,51.677428,On or near Tir Einon,W01000708,Carmarthenshire 025E,Offender given a caution
7d4ef1e4caaa0656f9ada5998d186e3986dcc1680515e71c9af355312a035f25,2024-04,Dyfed-Powys Police,Dyfed-Powys Police,-3.338174,52.507697,On or near Heol Vaynor,W01000478,Powys 009A,Unable to prosecute suspect
336291a6e34bfe5b9f7c4855a5fc05161122f9b766dc61f17e406593335ef0e4,2024-04,Dyfed-Powys Police,Dyfed-Powys Police,-3.338174,52.507697,On or near Heol Vaynor,W01000478,Powys 009A,Unable to prosecute suspect
6fd2e4f597e560f0ed7b493c79ce0f1aa5d1d7044572761fc211810fe958cb56,2024-04,Dyfed-Powys Police,Dyfed-Powys Police,-4.175321,51.685378,On or near Stryd Y Maswr,W01000667,Carmarthenshire 023C,Suspect charged
35fd8fe19a005304513a5aab4be6f6e9ead22d73e151c35cb08260d4a06fc52e,2024-04,Dyfed-Powys Police,Dyfed-Powys Police,,,No location,,,Suspect charged
9d5f03b64e3ac4ee6fa6543850df6cdbf8cb78577fcb071782c9de6923347cc2,2024-04,Dyfed-Powys Police,Dyfed-Powys Police,,,No location,,,Suspect charged
8015e738252f855265bdc1cb067010c522a0f5dc2b4e27f86aacdd1c5dad571f,2024-04,Dyfed-Powys Police,Dyfed-Powys Police,-3.378190,52.242491,On or near Supermarket,W01000454,Powys 013A,Suspect charged
f492bb0c246fc33873fdf1aad9eb6a7855b2414d75244b8d2975c31e04c7c296,2024-04,Dyfed-Powys Police,Dyfed-Powys Police,-4.085581,52.414284,On or near Y Stryd Fawr,W01000513,Ceredigion 002B,Suspect charged
5044937d54c9b477b26d76e85d34062be468debe21d3b2d60bb11d6777284f26,2024-04,Dyfed-Powys Police,Dyfed-Powys Police,-4.125308,51.679513,On or near Ynys-Las,W01000706,Carmarthenshire 025C,Suspect charged
92511663e31c8914de3fde7c4e509df42d2139808b54cbe3ded281011c028ec5,2024-04,Dyfed-Powys Police,Dyfed-Powys Police,-4.088084,51.796885,On or near Bancyffynnon,W01000697,Carmarthenshire 015A,Suspect charged
3f016a44f2aab5c9f5a30cfc56b0c778dc8101d476670533110444a91f9e78d5,2024-04,Dyfed-Powys Police,Dyfed-Powys Police,-3.991239,51.801246,On or near Glan Yr Afon,W01000714,Carmarthenshire 013D,Suspect charged
92b83f5f0b62322ead7e809f7d8c0d96b28c113089267807ac0f983332030d77,2024-04,Dyfed-Powys Police,Dyfed-Powys Police,-4.082584,52.414603,On or near Shopping Area,W01000513,Ceredigion 002B,Suspect charged
c0428495d78d82868181873f2fa05bf9bc3f47fd0b6eb13a5bdead40674ccdb8,2024-04,Dyfed-Powys Police,Dyfed-Powys Police,,,No location,,,Suspect charged
b4779d61aba70a4e47d8730b2de3cb9fe872bcafe1ce884377a90e04aca35dda,2024-04,Dyfed-Powys Police,Dyfed-Powys Police,-3.193769,52.594282,On or near Refail Parc,W01000428,Powys 005A,Suspect charged
a690564c7614e1f33e230e269ad033df9a6a1ef8c12af4db0b5d806835b9a039,2024-04,Dyfed-Powys Police,Dyfed-Powys Police,-3.271890,52.765649,On or near High Street,W01000461,Powys 001A,Suspect charged
e9ae61ed909996d25a897e2e6b9afe26dcc6154ec6124c038a51cbf918e24ed6,2024-04,Dyfed-Powys Police,Dyfed-Powys Police,,,No location,,,Suspect charged
d6c63733cc33187ff64c6d356e7d1ac14a9bc1838a83a11fbfd423fd875d0b0a,2024-04,Dyfed-Powys Police,Dyfed-Powys Police,-4.163535,51.675173,On or near Nevill Street,W01000732,Carmarthenshire 026D,Suspect charged
57c1dff8df6c8fd740399fa2abd0cf47d7d1f7f9a734668441d6dc72d4207d89,2024-04,Dyfed-Powys Police,Dyfed-Powys Police,-3.329907,52.514020,On or near Hendidley Close,W01000482,Powys 008C,Suspect charged
896b519b6ec479a26796f91671a48c53460802249ab0fad0fe43ad56aa13e441,2024-04,Dyfed-Powys Police,Dyfed-Powys Police,-4.159248,51.681380,On or near Supermarket,W01000733,Carmarthenshire 026E,Suspect charged
e8e01f66c4b83cae8165165f93350b3c16340ff4e136ecfdc5531f0203f73a90,2024-04,Dyfed-Powys Police,Dyfed-Powys Police,-3.311619,52.514000,On or near Parking Area,W01000480,Powys 008A,Suspect charged
9690b5bc11eed2ba2b24a0630af3cec0c7227e56f47730112ce8685bf169195e,2024-04,Dyfed-Powys Police,Dyfed-Powys Police,,,No location,,,Suspect charged
e88d4bbdd8f028fe9e59d7783cde8c256ee9858ac4febe0374a61d9c8d9a6383,2024-04,Dyfed-Powys Police,Dyfed-Powys Police,,,No location,,,Suspect charged
c31befaf794df49e24bc6fc545763b92bd40a1402439184fe28af80b2f8bc4cb,2024-04,Dyfed-Powys Police,Dyfed-Powys Police,-4.281011,51.690089,On or near Garreglwyd,W01000711,Carmarthenshire 021E,Suspect charged
b9f3244527a7096495e5eaa0fd00e1d3a1e9066bc82c9762fbf98674af749215,2024-04,Dyfed-Powys Police,Dyfed-Powys Police,-3.753270,51.783905,On or near Pen-Y-Bryn,W01000504,Powys 021D,Suspect charged
0df4e28e8b928d29e089e1b0ee4c05b967f5ededf412a5fc085a147a8ba95391,2024-04,Dyfed-Powys Police,Dyfed-Powys Police,,,No location,,,Further investigation is not in the public interest
5d0d737d154c9b330a5ac3b5fea19e2761b3ef974a57ed78c8cb3b4c2677886b,2024-04,Dyfed-Powys Police,Dyfed-Powys Police,-4.575666,52.080050,On or near Parking Area,W01000546,Ceredigion 009F,Further investigation is not in the public interest
396404452435aed13db7aa63d7683327070f4582afd8b92c70af87951ea393a9,2024-04,Dyfed-Powys Police,Dyfed-Powys Police,-4.310569,51.856003,On or near Parking Area,W01000641,Carmarthenshire 008A,Unable to prosecute suspect
a3d4f930ef0f8583de6c8470f3d46e6e910c41efc9098620e53cab38e752a6d4,2024-04,Dyfed-Powys Police,Dyfed-Powys Police,-4.156998,52.071607,On or near Sports/Recreation Area,W01000702,Carmarthenshire 001D,Suspect charged
bd9c88d5cf8f2be3611016b802f1356029b5fd6a8595749ed86d7ec6712d5e22,2024-04,Dyfed-Powys Police,Dyfed-Powys Police,-4.141998,51.684362,On or near Maes Hirlas,W01000628,Carmarthenshire 024A,Suspect charged
53588f7dcfc74f6d545bbb6177f72c278fdbe06293776a4fd3eed58be7fbe526,2024-04,Dyfed-Powys Police,Dyfed-Powys Police,,,No location,,,Further investigation is not in the public interest
d913390c0a9b973eb178604834d2bd3095a77260438fd509d41e9993e356784d,2024-04,Dyfed-Powys Police,Dyfed-Powys Police,-4.060067,51.798837,On or near Glan-Y-Gors,W01000713,Carmarthenshire 015E,Suspect charged
2803e6d3c05c46d0b135072db2304a03aef1aecb51be19c329a6ad67d119d97b,2024-04,Dyfed-Powys Police,Dyfed-Powys Police,-5.027387,51.716492,On or near Castle Terrace,W01002012,Pembrokeshire 010E,Unable to prosecute suspect
78fba36ef4395c84479af0cafb3b20328f4164307d8076a9314e9c75a290f60f,2024-04,Dyfed-Powys Police,Dyfed-Powys Police,-4.553989,51.744507,On or near Marsh Road,W01000672,Carmarthenshire 027E,Suspect charged
d9304eda88c9fb9fff4ddd6f64722dba3f5878d5e7b2334bd9146de75ee66069,2024-04,Dyfed-Powys Police,Dyfed-Powys Police,-4.117365,51.682588,On or near Llys Caradog,W01000707,Carmarthenshire 025D,Unable to prosecute suspect
5bf8a51ea96f3a2009b08e49efcae3aa8db1eaa05d803611ed73cf28bc6352ec,2024-04,Dyfed-Powys Police,Dyfed-Powys Police,-4.302477,51.862484,On or near Capel Evan Road,W01000638,Carmarthenshire 007B,Unable to prosecute suspect
7d9a719114ec95e11defc580271f232dbb22fa60cefbf86c1d2db8169f84f8e4,2024-04,Dyfed-Powys Police,Dyfed-Powys Police,-4.152378,51.669272,On or near Clos Dewi Medi,W01001924,Carmarthenshire 026H,Suspect charged
9c1b2849ee385a7ad61246285ab2753f14d51b77ac3d68cb0219843899b21542,2024-04,Dyfed-Powys Police,Dyfed-Powys Police,-4.150770,51.667368,On or near Dafen Row,W01001924,Carmarthenshire 026H,Suspect charged
071ac59af30eff38b082f23d85cbd1177d439fd100a8e6bc6cef4b2996feb281,2024-04,Dyfed-Powys Police,Dyfed-Powys Police,-4.085581,52.414284,On or near Y Stryd Fawr,W01000513,Ceredigion 002B,Suspect charged
1ab62843b08213d15cb28a4a7f487b3c11af25898ebce220f7ef33034af5aded,2024-04,Dyfed-Powys Police,Dyfed-Powys Police,-4.498734,51.842289,On or near Salem Road,W01000720,Carmarthenshire 027B,Suspect charged
11cbd6cd24480443deb91839a22eb37408dc3153d98e618c0a87e53264193f2b,2024-04,Dyfed-Powys Police,Dyfed-Powys Police,-4.498734,51.842289,On or near Salem Road,W01000720,Carmarthenshire 027B,Suspect charged
f8c8a5c3bd6636e89a12fb93e53d48ae6890611c1418bd01cda3964b96ca6304,2024-04,Dyfed-Powys Police,Dyfed-Powys Police,-3.145111,52.564330,On or near Chirbury Road,W01000476,Powys 005C,Suspect charged
3d79da9335b57923e1855ed02e8594dbd38dcfdd8255ed6d5bb15ac7ae05d0a9,2024-04,Dyfed-Powys Police,Dyfed-Powys Police,-3.145111,52.564330,On or near Chirbury Road,W01000476,Powys 005C,Suspect charged
02d053cfa7e33439c67ef3c1348cd8badb962899c0555704a02d58e11e142afa,2024-04,Dyfed-Powys Police,Dyfed-Powys Police,-4.494673,51.834767,On or near Salem Road,W01000721,Carmarthenshire 027C,Further investigation is not in the public interest
714a2801fe602817cff9847c5e02cf271fd1f300b1cc33d947654471771665f6,2024-04,Dyfed-Powys Police,Dyfed-Powys Police,-3.322687,52.506675,On or near Plantation Close,W01000483,Powys 009C,Further investigation is not in the public interest
423f29c091dd3d1771ea8e43644f8c428444b5453f1bc9527fc1a9b07a250f6f,2024-04,Dyfed-Powys Police,Dyfed-Powys Police,,,No location,,,Further investigation is not in the public interest
b3bc038723ba0433d4ef6a7d1301610c2c1b741164b855cc7cf604faa94cd1fb,2024-04,Dyfed-Powys Police,Dyfed-Powys Police,-4.313488,51.853743,On or near Pothouse Road,W01000641,Carmarthenshire 008A,Further investigation is not in the public interest
072e751befa07cc61a94404debb37fa3f3853c47b3e4781b3b0a5c8bbe15c408,2024-04,Dyfed-Powys Police,Dyfed-Powys Police,-5.035571,51.712854,On or near Shopping Area,W01000587,Pembrokeshire 010A,Investigation complete; no suspect identified
6adec33118ffc8ebf0fe0d9ec2ea8dccdc14bfb1dc5bcf8efaa078009949bb83,2024-04,Dyfed-Powys Police,Dyfed-Powys Police,-4.776847,52.051474,On or near Nell's Lane,W01000613,Pembrokeshire 001E,Investigation complete; no suspect identified
f51bdbab880ddc0fb401515db124d27757ca2876497fe054cb64d9ddfc0a5867,2024-04,Dyfed-Powys Police,Dyfed-Powys Police,-4.308537,51.855791,On or near Shopping Area,W01000641,Carmarthenshire 008A,Investigation complete; no suspect identified
0a9e319be736506db998f58515994eabe04d73c9a1a884aa3c94ae92b1a441b2,2024-04,Dyfed-Powys Police,Dyfed-Powys Police,-4.302653,51.738723,On or near Ger-Y-Castell,W01000670,Carmarthenshire 018A,Investigation complete; no suspect identified
5fda69e69670bc1a63d5ad61f150ed444995cf21ebc6ee83fe171b7a73d32c59,2024-04,Dyfed-Powys Police,Dyfed-Powys Police,-3.852500,52.334584,On or near Parking Area,W01000542,Ceredigion 011F,Investigation complete; no suspect identified
38d1f1e51abc83a94e840f294188bba65673b3ee259979590a1e612a91d4785f,2024-04,Dyfed-Powys Police,Dyfed-Powys Police,-4.239609,51.718089,On or near Heol Llanelli,W01000730,Carmarthenshire 018D,Investigation complete; no suspect identified
73d725ad8c6bdc6a5c504c36aab5493eccf67fb7656554b0e6ab663faee8f838,2024-04,Dyfed-Powys Police,Dyfed-Powys Police,,,No location,,,Investigation complete; no suspect identified
30ed3d905be3eda27c95de68e38a3471dc62471db055f303ba56f003fcd10fa8,2024-04,Dyfed-Powys Police,Dyfed-Powys Police,-4.702805,51.672223,On or near Augustus Place,W01002014,Pembrokeshire 016E,Investigation complete; no suspect identified
67b747d392f11e93a87477df029399c3b06c87a6ec31a3dd862c82df4fdfe4b3,2024-04,Dyfed-Powys Police,Dyfed-Powys Police,-4.466976,52.038868,On or near Market Square,W01000646,Carmarthenshire 003A,Offender given a caution
9a2d9c74fbb8a1d85f8c631ce80f43d641a15e7abaaad17269f48f7bebb43ad0,2024-04,Dyfed-Powys Police,Dyfed-Powys Police,-3.391368,51.947789,On or near High Street,W01000492,Powys 017D,Offender given a caution
6c68f92dead6349e425b6658d5386e04891ab55a48f6c949d808e1b989a7488c,2024-04,Dyfed-Powys Police,Dyfed-Powys Police,,,No location,,,Local resolution
2ae19bf7f701e446f3611eab2b305e4bbac361a847782ebb79a57245d106356c,2024-04,Dyfed-Powys Police,Dyfed-Powys Police,-3.401880,52.139952,On or near Brecon Road,W01000432,Powys 014B,Local resolution
32e4a914c8e79ea86b2f8ece9a8bcd3ea31d3350c4f39c123c345857993b1240,2024-04,Dyfed-Powys Police,Dyfed-Powys Police,-4.983796,51.798526,On or near B4327,W01000571,Pembrokeshire 006A,Local resolution
d639f7289babb2dd49a9072c793784ab9b9a616929ebda84dcd42a07ee76b2cf,2024-04,Dyfed-Powys Police,Dyfed-Powys Police,-4.167117,51.672337,On or near Catherine Street,W01000660,Carmarthenshire 026B,Local resolution
6195d5cb8426e5983cff5069152db1f108905dcb40e0290909b7c91da2d26d67,2024-04,Dyfed-Powys Police,Dyfed-Powys Police,-3.316826,52.516641,On or near Nightclub,W01000480,Powys 008A,Local resolution
cd3bd0768d813fda5ef815e476008f5ba8483b8f9bbe6d15f0faa62dda33ec3f,2024-04,Dyfed-Powys Police,Dyfed-Powys Police,-4.300442,51.849358,On or near Mount Hill Rise,W01000693,Carmarthenshire 008C,Local resolution
5d3eeb88d6d881d752ccc2c9bfc1a260c21997592c0776a40ae8a75b2c1d7445,2024-04,Dyfed-Powys Police,Dyfed-Powys Police,-4.032723,52.160165,On or near Parking Area,W01000537,Ceredigion 008D,Local resolution
6d4ea5a44d13eceb30429e801bc81f953c949a1691de28738217dc8dd575ab20,2024-04,Dyfed-Powys Police,Dyfed-Powys Police,-3.384087,51.944764,On or near Borderers Way,W01000492,Powys 017D,Local resolution
bb36b26cdde2a854654d03d4acdef237c82876892c77088b846446d7d4684b0a,2024-04,Dyfed-Powys Police,Dyfed-Powys Police,,,No location,,,Local resolution
f525bfb0b98c33b3543ffd00c41f2cdaad7ee34a1e2b6f85c1b5c05d3e8ce058,2024-04,Dyfed-Powys Police,Dyfed-Powys Police,-4.995829,52.002154,On or near Wern Road,W01000567,Pembrokeshire 002D,Local resolution
80fa8d26574a6815f14672ff68de39c94b8b02817d9d1c0c9e7440bec9e87a69,2024-04,Dyfed-Powys Police,Dyfed-Powys Police,-4.076992,51.700638,On or near Pontardulais Road,W01000692,Carmarthenshire 019C,Local resolution
8fc2b144520be7acee7dd664893691cfa61097b98c8c99f88b4d08006ba648e7,2024-04,Dyfed-Powys Police,Dyfed-Powys Police,-3.699067,51.801853,On or near Sports/Recreation Area,W01000496,Powys 021B,Local resolution
88e0a808e8151eb9387b0dd57c68d1a755704bb44a664d0ea074556704fb1eef,2024-04,Dyfed-Powys Police,Dyfed-Powys Police,-4.312190,51.856457,On or near Lammas Street,W01000641,Carmarthenshire 008A,Local resolution
771afd4416a4ca17a6cf923b3fdc0d4b16ef10b7ea00831e12cfcc2dc760863b,2024-04,Dyfed-Powys Police,Dyfed-Powys Police,-3.394914,51.950948,On or near Maendu Street,W01001901,Powys 017F,Local resolution
8d5252bfd3ea05f6ca0bb5840e75cbfe6fa1bfcb6360c7c6c5e8c3a594a2b7ae,2024-04,Dyfed-Powys Police,Dyfed-Powys Police,-4.306682,51.850414,On or near Stephens Way,W01000694,Carmarthenshire 008D,Local resolution
6c9b506fb0215236b81e974694e3c996ed305a73e041e69545ccb3b6d75e014a,2024-04,Dyfed-Powys Police,Dyfed-Powys Police,-4.975998,51.989877,On or near Gwelfor,W01000566,Pembrokeshire 002C,Local resolution
dbaa6b6f9f4622a29cfc65b98e92c8f689a6e612b95c3b7d5c7d1e97fb486f6b,2024-04,Dyfed-Powys Police,Dyfed-Powys Police,-4.080290,52.117019,On or near Pen Bryn,W01000528,Ceredigion 008B,Local resolution
f62ec8be154c7b07fab99e68671bdf63b51fa78f3354ee61c62b4cd1163690f3,2024-04,Dyfed-Powys Police,Dyfed-Powys Police,-4.123100,51.697862,On or near Heol Aur,W01000655,Carmarthenshire 020C,Local resolution
ac5d637013ff8a19ed5073e74151a53c5585a89c43b27a5729e15add5445766d,2024-04,Dyfed-Powys Police,Dyfed-Powys Police,-4.243466,51.682827,On or near Morlan Terrace,W01000633,Carmarthenshire 021B,Local resolution
af0a0ac642f024edb6774a1be66399b713130feb077fa0242d717185d176c489,2024-04,Dyfed-Powys Police,Dyfed-Powys Police,,,No location,,,Local resolution
448c95f47674302883b22cb7bd84f2d253add74c20f8a54c6af4433b17995cb0,2024-04,Dyfed-Powys Police,Dyfed-Powys Police,-4.963925,51.802968,On or near Scotchwell Walk,W01000572,Pembrokeshire 005D,Local resolution
7e6296021484271caec6b835af3737d74a8ff611ba417f5e3496b8caecdec9d1,2024-04,Dyfed-Powys Police,Dyfed-Powys Police,,,No location,,,Local resolution
7fb8dc23d1c943b2236a2e24767654c85b32db355715461b753c5198b3f44f09,2024-04,Dyfed-Powys Police,Dyfed-Powys Police,,,No location,,,Local resolution
f03f70cd17cd341ea7a164f458265a627b27ad4080aca50bc18f6e640b63236c,2024-04,Dyfed-Powys Police,Dyfed-Powys Police,-4.257582,52.173537,On or near Cae Gwen,W01002002,Ceredigion 007E,Local resolution
1110c47e330827085198ae07b63212ce7efeaf50542faa591c9aa42dfcd3de57,2024-04,Dyfed-Powys Police,Dyfed-Powys Police,-4.969055,51.806859,On or near Supermarket,W01000572,Pembrokeshire 005D,Local resolution
15af072401578670e6588e1818efd69cfa17985e62cf7603505eca65f1116afb,2024-04,Dyfed-Powys Police,Dyfed-Powys Police,-4.020529,51.777060,On or near Pant Y Boblen,W01000731,Carmarthenshire 017C,Local resolution
1f437d81297792773c9c15665c9e909f9b686caca14de9d8ff26726dfe3b13d0,2024-04,Dyfed-Powys Police,Dyfed-Powys Police,-4.320696,51.858915,On or near Crispin Avenue,W01000643,Carmarthenshire 006A,Local resolution
c654f813b14bd3e3e9411e89414c9c8004fa6db0c8d42341d1eac39f52edc8ab,2024-04,Dyfed-Powys Police,Dyfed-Powys Police,-3.382581,51.951138,On or near Cerrigcochion Road,W01000493,Powys 017E,Local resolution
7fc01c1625ac2296a1415b35f24774a51bfc09eafb373743bfe0a258204ff1b0,2024-04,Dyfed-Powys Police,Dyfed-Powys Police,-4.710692,51.673004,On or near Newell Hill,W01002014,Pembrokeshire 016E,Local resolution
321025236a4d09ab69c2b6f6cde201bd4dc5d3774a2e474c1d3463e617f03358,2024-04,Dyfed-Powys Police,Dyfed-Powys Police,-3.290958,51.897993,On or near Sports/Recreation Area,W01001897,Powys 020D,Local resolution
7a6d61d2ff9740269d6ef82064ef83669e28832440a317c041c5f4e6cdaeb045,2024-04,Dyfed-Powys Police,Dyfed-Powys Police,-3.992982,51.875582,On or near Teras Y Rheilffordd,W01000677,Carmarthenshire 004B,Local resolution
9787eb9b3c527142f328954008f4e9965d2cdb3c7258f3d077d301878ea33b3a,2024-04,Dyfed-Powys Police,Dyfed-Powys Police,-4.966223,51.802622,On or near Picton Place,W01002009,Pembrokeshire 005E,Local resolution
3191351783aff73a79abb0e5a055fcde886f64c2c5d39fb771e8bbdb968fa349,2024-04,Dyfed-Powys Police,Dyfed-Powys Police,-3.794003,51.996794,On or near Maesglas,W01000678,Carmarthenshire 002C,Local resolution
750a94b07c1528c3733b50c2cb89377b1d63e84bd6959ececb603fe64b0ceb8c,2024-04,Dyfed-Powys Police,Dyfed-Powys Police,-4.978895,51.797895,On or near Petrol Station,W01000571,Pembrokeshire 006A,Local resolution
dc8c88bc4fa21269324523d403db5904a1aff46294a3bc4597042c814a1e48fb,2024-04,Dyfed-Powys Police,Dyfed-Powys Police,-3.933417,52.224112,On or near Rhyd-Y-Fawnog,W01000550,Ceredigion 011G,Local resolution
e2dfa19010c69f0aae2f56ff65120e94dadcae209c74c8a31e43c45e280dcbff,2024-04,Dyfed-Powys Police,Dyfed-Powys Police,-4.161979,51.682288,On or near Frederick Street,W01000654,Carmarthenshire 023B,Local resolution
88b3fddd0addda3b04b5d6bb01cfd3d432f431487ab9ac905eb76eaa0de92aab,2024-04,Dyfed-Powys Police,Dyfed-Powys Police,,,No location,,,Local resolution
1329a7b012ba20050d69d847d62488ca68a326014a78f1a34bc0b75f3629d489,2024-04,Dyfed-Powys Police,Dyfed-Powys Police,-4.963925,51.802968,On or near Scotchwell Walk,W01000572,Pembrokeshire 005D,Local resolution
3131dfefd1ea1dcbd619ab61481f516b040373b5b8683e1097fb031d9df01a1d,2024-04,Dyfed-Powys Police,Dyfed-Powys Police,-4.307936,51.857611,On or near Shopping Area,W01000641,Carmarthenshire 008A,Local resolution
1be6e58fa7dc8d363700b003c9519afb3190eb585ba7be4217f344cc3fc6e11d,2024-04,Dyfed-Powys Police,Dyfed-Powys Police,-4.742719,51.797836,On or near Market Square,W01000595,Pembrokeshire 007C,Local resolution
dd42e53e9a4118048554e8aecee50a2cac9bdee87ea1e7567af38a5f0dc15cb8,2024-04,Dyfed-Powys Police,Dyfed-Powys Police,-4.135507,51.686612,On or near Havard Road,W01000651,Carmarthenshire 020A,Unable to prosecute suspect
078e21ff17c3d74223aaea7fabeb8d09ba9d5fe93c72be0d904ec4b187b23fc7,2024-04,Dyfed-Powys Police,Dyfed-Powys Police,-3.272136,52.766447,On or near Stryd Isa,W01000461,Powys 001A,Unable to prosecute suspect
5def42a3ee7c7ff71b6d10d9f4e22d067343789f514b491c9320d54a6d805133,2024-04,Dyfed-Powys Police,Dyfed-Powys Police,-4.910403,51.678987,On or near Golden Lane,W01000607,Pembrokeshire 015C,Unable to prosecute suspect
4ccdae706166a4e47e476d67de41c89775350c79e4b9d4e3443e6d60e70ba24a,2024-04,Dyfed-Powys Police,Dyfed-Powys Police,,,No location,,,Unable to prosecute suspect
72f7ae07f9f0264202a81d52f1a4f3aadf1cc8d6d0d54c15daa591d4b81f5cda,2024-04,Dyfed-Powys Police,Dyfed-Powys Police,-4.159260,51.685629,On or near Gilbert Crescent,W01000703,Carmarthenshire 022A,Unable to prosecute suspect
cacc5d8551b41c3a3ebfa4ded3e5357b056b63749ce17b6d3ac10bfc59bb55de,2024-04,Dyfed-Powys Police,Dyfed-Powys Police,-4.986689,51.801474,On or near Gerald Road,W01000570,Pembrokeshire 005C,Unable to prosecute suspect
dc56acb1874a63137db4842750736665a0827673a04aa6c1b6a8c901723f800b,2024-04,Dyfed-Powys Police,Dyfed-Powys Police,-4.306967,51.858826,On or near Narn Road,W01000641,Carmarthenshire 008A,Unable to prosecute suspect
990491e39c3fbba7291ea6a2ed164d9a1d25a8f9135b4ca43876a003dfb17998,2024-04,Dyfed-Powys Police,Dyfed-Powys Police,,,No location,,,Unable to prosecute suspect
eb0082a21094ab052027aa6fe64b3cfed07d6cef0558ec711f5d31af782d0249,2024-04,Dyfed-Powys Police,Dyfed-Powys Police,-4.311886,51.857614,On or near Water Street,W01000641,Carmarthenshire 008A,Unable to prosecute suspect
f957599b616cd9ad4a896a92c52baf5dbc2e429bf92f20bd29b9f5b9fbc80534,2024-04,Dyfed-Powys Police,Dyfed-Powys Police,,,No location,,,Unable to prosecute suspect
7f03fe1ab3ad5c5632e40cf6ec32170896a075c9600ea868e2d330bad35ff778,2024-04,Dyfed-Powys Police,Dyfed-Powys Police,-4.157512,51.674429,On or near Cradock Street,W01000734,Carmarthenshire 026F,Unable to prosecute suspect
bb5a7b003c1f174ca97e7b09ba428af46403c28aa247fc6c4c1324ed6e8abae1,2024-04,Dyfed-Powys Police,Dyfed-Powys Police,-4.869302,51.669377,On or near Flemish Court,W01000578,Pembrokeshire 014B,Unable to prosecute suspect
d54db2392a670ea0779f4c04bf35afc1a5cd7704da9215fa94c46cc1d470db1b,2024-04,Dyfed-Powys Police,Dyfed-Powys Police,-5.022966,51.717064,On or near Birch Mead,W01000588,Pembrokeshire 010B,Unable to prosecute suspect
68f0223443569043e618632df81694e995436490ebd2abb0dea2499f7c8b7b26,2024-04,Dyfed-Powys Police,Dyfed-Powys Police,-4.189667,51.869063,On or near Maes Y Deri,W01000682,Carmarthenshire 005B,Unable to prosecute suspect
81a428153af5dabff24e4666b4e79452f48becd5491a62806b41c41d3d02435c,2024-04,Dyfed-Powys Police,Dyfed-Powys Police,-4.147163,51.694448,On or near Maes Golau,W01000705,Carmarthenshire 022C,Unable to prosecute suspect
363e8dc0896419701e2d55db59e5bc06841db41bb992e4742a8eced4e4345164,2024-04,Dyfed-Powys Police,Dyfed-Powys Police,-4.088001,51.792894,On or near Woodlands Terrace,W01000697,Carmarthenshire 015A,Unable to prosecute suspect
dfd4bcff90290e059aa22d64aba5a4ce2e93822622f0148aa7751267486fa4d9,2024-04,Dyfed-Powys Police,Dyfed-Powys Police,-4.618419,52.072387,On or near Waun Giach,W01000546,Ceredigion 009F,Unable to prosecute suspect
2b78666410559e240932f8a70aa7812c192190d811a1a5ca17af0e5f2fcac87b,2024-04,Dyfed-Powys Police,Dyfed-Powys Police,,,No location,,,Unable to prosecute suspect
f650279dbc1e3f466da1246603684bb6167f332fbe6258fcefcab78100714353,2024-04,Dyfed-Powys Police,Dyfed-Powys Police,,,No location,,,Unable to prosecute suspect
b94e631a5b7ba7cc6f04b2cd5b7ff9cb28e8406af020bf24dc744f77323203d4,2024-04,Dyfed-Powys Police,Dyfed-Powys Police,-4.220202,52.256937,On or near Parking Area,W01000540,Ceredigion 005E,Unable to prosecute suspect
887a247eb2c0a75f4d3b7efff086ceefd45adc72c58adf43c38a70009f9d5fb4,2024-04,Dyfed-Powys Police,Dyfed-Powys Police,-4.938219,51.694995,On or near King William Court,W01000602,Pembrokeshire 013C,Unable to prosecute suspect
a95813c5f025210cf56ac4167517d7da0552ac84de17705c574e5c6490ded80d,2024-04,Dyfed-Powys Police,Dyfed-Powys Police,-4.140132,51.690494,On or near Bryngolau,W01000652,Carmarthenshire 020B,Unable to prosecute suspect
fb0f436a0c91dfc97dd0a6c9e07be1c8d6f3b7cea01a64e9a411a2821e12a4e4,2024-04,Dyfed-Powys Police,Dyfed-Powys Police,-4.657536,52.083067,On or near Finch's Square,W01000511,Ceredigion 009E,Unable to prosecute suspect
38a83470557c1cafc7efcc6270af6b079929d3a05b308e69d7b4452d56fce568,2024-04,Dyfed-Powys Police,Dyfed-Powys Police,-4.966307,51.795074,On or near Longfellow Close,W01000573,Pembrokeshire 006B,Unable to prosecute suspect
f8da91ca6d02d579a192e55fbf4de12c98e4425e5240c9fd3e7d9b05a823715e,2024-04,Dyfed-Powys Police,Dyfed-Powys Police,-3.856700,51.812161,On or near Heol Cwmgarw,W01000719,Carmarthenshire 010E,Unable to prosecute suspect
5879ca21512285a3616dd2d1a05bbbd952c981ccb37bd95adb4314074e9a69a0,2024-04,Dyfed-Powys Police,Dyfed-Powys Police,,,No location,,,Unable to prosecute suspect
2e7335311e5646feee16035d38dd757d899e38c90b8b88279b388fd691e9b27d,2024-04,Dyfed-Powys Police,Dyfed-Powys Police,-4.565651,52.031288,On or near Parking Area,W01000558,Pembrokeshire 001A,Unable to prosecute suspect
251edff14066b74c8a3e4897229d4fb1a5039d8a403800220a05f2a4c7ec52a3,2024-04,Dyfed-Powys Police,Dyfed-Powys Police,-4.295157,51.861916,On or near Furnace Bank,W01000641,Carmarthenshire 008A,Investigation complete; no suspect identified
1cc3593f04020ca5375acf7269c23f5147f9a4b1ee3f72159d82f840b2c1f45e,2024-04,Dyfed-Powys Police,Dyfed-Powys Police,-4.140431,51.676891,On or near Shopping Area,W01000628,Carmarthenshire 024A,Investigation complete; no suspect identified
412e2754154d0746753804332b322a1f4167673488a27bc5ed97ffc5d5c2a9bc,2024-04,Dyfed-Powys Police,Dyfed-Powys Police,-3.869385,52.383770,On or near Rhiwfron Halt,W01000543,Ceredigion 011C,Investigation complete; no suspect identified
a6611a6d174c777e6517101c79e744b05409f968e246c874b6ec87f5985b5fd7,2024-04,Dyfed-Powys Police,Dyfed-Powys Police,-4.659794,52.079545,On or near Castle Street,W01000511,Ceredigion 009E,Investigation complete; no suspect identified
c4b045613b4d3e6be1b2784b0f66c151de5c632f2a7e1e8f15fe406e74e96989,2024-04,Dyfed-Powys Police,Dyfed-Powys Police,-4.291578,51.834640,On or near Heol Bolahaul,W01000722,Carmarthenshire 012D,Investigation complete; no suspect identified
0347827b8e3f1d293488b2a9b9b25766b3bc439cb3e5be93d53670316235fa3e,2024-04,Dyfed-Powys Police,Dyfed-Powys Police,-4.311886,51.857614,On or near Water Street,W01000641,Carmarthenshire 008A,Investigation complete; no suspect identified
79ad6428081225dbf441f0e89992d77cb90604dc870f990a0c3afd57729aec8f,2024-04,Dyfed-Powys Police,Dyfed-Powys Police,-4.151639,51.683269,On or near Glevering Street,W01000629,Carmarthenshire 024B,Investigation complete; no suspect identified
b942d56081ac317935e4d026c3a71787bd39347e1624d8da7f1eba5049d48bf0,2024-04,Dyfed-Powys Police,Dyfed-Powys Police,-4.295616,51.862645,On or near Garth Y Prior,W01000638,Carmarthenshire 007B,Investigation complete; no suspect identified
13c9fc69ab5394e000cf6cfa7f19bde90dc6189255bc5c1cd142f2bf41d96386,2024-04,Dyfed-Powys Police,Dyfed-Powys Police,-4.017509,52.220384,On or near Bus/Coach Station,W01000536,Ceredigion 011E,Investigation complete; no suspect identified
825491715e21eb3b4475d50b51bd668adcfa187ded0146794db74056579f7fe2,2024-04,Dyfed-Powys Police,Dyfed-Powys Police,-3.930456,52.412451,On or near Queen Street,W01000543,Ceredigion 011C,Investigation complete; no suspect identified
051630f27c8832cb3daabaa411d81b4cf117d0caa74cb891b734f959bae429c1,2024-04,Dyfed-Powys Police,Dyfed-Powys Police,,,No location,,,Investigation complete; no suspect identified
728564415e61ce8b0e93d469a517669cb8cad540e5e0d030879997c989fd491f,2024-04,Dyfed-Powys Police,Dyfed-Powys Police,-3.317471,52.515050,On or near Newtown Bus Station,W01000480,Powys 008A,Investigation complete; no suspect identified
de48272e60548a4e0d5409674bc074b5cc052c258925b4b4e9f0d66bf50c5cb1,2024-04,Dyfed-Powys Police,Dyfed-Powys Police,-4.946805,51.690382,On or near Croft Terrace,W01000603,Pembrokeshire 013D,Investigation complete; no suspect identified
4f103f07394102748928a71ad763b2b7394962f79b843c2425dd246c78a2f58f,2024-04,Dyfed-Powys Police,Dyfed-Powys Police,-4.161786,51.680960,On or near Cowell Street,W01000654,Carmarthenshire 023B,Investigation complete; no suspect identified
b11e3ebcd2ee9365ad8faa3bec724313f93260711617f3dc472e20ef8f755d26,2024-04,Dyfed-Powys Police,Dyfed-Powys Police,-4.036213,52.158468,On or near Water Street,W01000537,Ceredigion 008D,Investigation complete; no suspect identified
866551175a8a41417e67b411a259a0f809a5ea168465399be595a058b7973714,2024-04,Dyfed-Powys Police,Dyfed-Powys Police,-3.986099,51.792215,On or near Hall Street,W01000626,Carmarthenshire 013B,Investigation complete; no suspect identified
893ce21ccb061b00b5c6e15412a67378a628e3b9a21548495cd4331024727ec7,2024-04,Dyfed-Powys Police,Dyfed-Powys Police,-4.306338,51.855619,On or near Bridge Street,W01000641,Carmarthenshire 008A,Investigation complete; no suspect identified
c0278e495a1c625da745411650f9c08913fed1819c739442829c50c84f25a652,2024-04,Dyfed-Powys Police,Dyfed-Powys Police,-3.853706,52.591075,On or near Garsiwn,W01000473,Powys 004C,Investigation complete; no suspect identified
c72c89a8d8516e864c12fffbb7e1c15b8ce40f973b6e02893ca35b5f66380169,2024-04,Dyfed-Powys Police,Dyfed-Powys Police,-4.258317,52.241701,On or near Lon Peniel,W01000506,Ceredigion 005A,Investigation complete; no suspect identified
6ed0b85fa1e897ea5b7dbc0c77025365504a669c20ca5e3a76cef5cf9a29a8d9,2024-04,Dyfed-Powys Police,Dyfed-Powys Police,-4.268214,51.920180,On or near Dan Y Dderwen,W01000624,Carmarthenshire 005A,Investigation complete; no suspect identified
9599cc8828a3eeee6b9170b6903d593d9e2e691b19aee33155cebe89fd011514,2024-04,Dyfed-Powys Police,Dyfed-Powys Police,-4.989164,51.802266,On or near Court Road,W01000570,Pembrokeshire 005C,Investigation complete; no suspect identified
e542054e99d0ad67532271a00005857f4bcf6b72a3d1261f22156c9564463625,2024-04,Dyfed-Powys Police,Dyfed-Powys Police,-3.996842,51.785261,On or near Heol Llwchwr,W01000625,Carmarthenshire 013A,Investigation complete; no suspect identified
421c0bda3b852453a3ad7f0beff53fe112728210c15b572dea900729f3e6ae21,2024-04,Dyfed-Powys Police,Dyfed-Powys Police,-4.239005,51.715826,On or near Trilwm,W01000729,Carmarthenshire 018C,Investigation complete; no suspect identified
13b0bb59600d580ef63a201cb62ddd2efa048054f2d2362fb0f913ef2d76106c,2024-04,Dyfed-Powys Police,Dyfed-Powys Police,,,No location,,,Investigation complete; no suspect identified
ecc90cd63f4cb377d29381881758a7d6141eb48f45c8132cd65b7b24a8cc6704,2024-04,Dyfed-Powys Police,Dyfed-Powys Police,-4.059277,52.100358,On or near Cae Coedmore,W01000701,Carmarthenshire 001C,Investigation complete; no suspect identified
d6f80b601c2af0e021fde9b03e8a77e10d7df3623896342a2e2edf5ed0066172,2024-04,Dyfed-Powys Police,Dyfed-Powys Police,-4.152378,51.669272,On or near Clos Dewi Medi,W01001924,Carmarthenshire 026H,Investigation complete; no suspect identified
70d3502e8f70289665221326a78d48e908055aa2437e8f148bd71e757aa9b450,2024-04,Dyfed-Powys Police,Dyfed-Powys Police,-3.512995,52.506705,On or near Cae Garreg,W01000429,Powys 010A,Investigation complete; no suspect identified
20c619291ebe94789c83ecdf5934dd5c96bfbdfed585ecbe78ae283ef00db52c,2024-04,Dyfed-Powys Police,Dyfed-Powys Police,-4.326292,51.854479,On or near Supermarket,W01000643,Carmarthenshire 006A,Investigation complete; no suspect identified
1894dfeeec614139c993a2491b2ad293341c8f9db89b1d98c69a7f289fb4bef1,2024-04,Dyfed-Powys Police,Dyfed-Powys Police,-4.059999,52.416576,On or near Cefnllan,W01000525,Ceredigion 011A,Suspect charged
af0aa7fefe4a5584b003d9cf8dd18aeee28e0119db1770603d0b5257deec127f,2024-04,Dyfed-Powys Police,Dyfed-Powys Police,-4.929049,51.693965,On or near London Road,W01000601,Pembrokeshire 013B,Suspect charged
d618f632c3d7df64eebb7b738ce5f2917645c4b3d9bec7ad06f8a0f03b610252,2024-04,Dyfed-Powys Police,Dyfed-Powys Police,-4.230160,51.737010,On or near Lon Hir,W01000695,Carmarthenshire 012B,Suspect charged
4d5f0d1b08d060e2fc4a1b14d4d03bdbfee3ea964f7d65616ce022bb98994d23,2024-04,Dyfed-Powys Police,Dyfed-Powys Police,-4.157642,51.677170,On or near Ger Y Llan,W01000734,Carmarthenshire 026F,Formal action is not in the public interest
2862416e5ccee58ae2b6727fa3c209dfce209cdbb94e135babf45292830b8e9a,2024-04,Dyfed-Powys Police,Dyfed-Powys Police,,,No location,,,Formal action is not in the public interest
bb1f63ca3497d14d619134f43b405ff70264772e464bc9676214c6d24c23473f,2024-04,Dyfed-Powys Police,Dyfed-Powys Police,-4.202127,51.760398,On or near Coedmawr,W01000662,Carmarthenshire 016A,Suspect charged
28951df09d26cc47487b590eef850d4aa9bf5c9a85a0d6b2575c7c2eae5347b7,2024-04,Dyfed-Powys Police,Dyfed-Powys Police,-4.309869,51.941770,On or near Nant-Yr-Ynys,W01000648,Carmarthenshire 006D,Formal action is not in the public interest
aaaf4646496d798c9dba8315fe0c4e327d993fd821ddda6d110dd7e0a0494d89,2024-04,Dyfed-Powys Police,Dyfed-Powys Police,-4.339590,51.850780,On or near Allt Ioan,W01000644,Carmarthenshire 006B,Formal action is not in the public interest
f9e8c76aefa383114f92d5b45ce855bf46ad694fa5696c26327b64aa4bd12e6e,2024-04,Dyfed-Powys Police,Dyfed-Powys Police,-4.167814,51.876194,On or near Glancothi Court,W01000682,Carmarthenshire 005B,Formal action is not in the public interest
c062e04ff136842d5d705c93cb03a32af89b9e0daa5b1dc6ad95b7bf917d75a3,2024-04,Dyfed-Powys Police,Dyfed-Powys Police,-3.154820,52.714166,On or near Llyswen Lane,W01000444,Powys 002A,Unable to prosecute suspect
b0190e8367d75c2e921f0440e443500fe958153c330d8617552fc6c6d92d7600,2024-04,Dyfed-Powys Police,Dyfed-Powys Police,-3.820332,52.004141,On or near Heol Rhos,W01000678,Carmarthenshire 002C,Unable to prosecute suspect
54eb953b1f6bff89311d06b8c3ff7c7e51b39968579585dfdfa47cdb24bee089,2024-04,Dyfed-Powys Police,Dyfed-Powys Police,-4.306338,51.855619,On or near Bridge Street,W01000641,Carmarthenshire 008A,Unable to prosecute suspect
5ac00f56e7136c292dfd25b7d55d69bcdce68587b17a62f7fd22d3c47c5a4f7c,2024-04,Dyfed-Powys Police,Dyfed-Powys Police,-4.151383,51.966212,On or near Parking Area,W01000683,Carmarthenshire 005C,Unable to prosecute suspect
d0f7d2951db45c96d89bf86b7de2e16fa51229c2d5103dfceaedf20c169734c1,2024-04,Dyfed-Powys Police,Dyfed-Powys Police,-4.951328,51.713842,On or near Fern Rise,W01000598,Pembrokeshire 009C,Unable to prosecute suspect
f16546e1d45daabe4e9b202d8e43352deefe69a4ab80e514482463cd8f02c5cc,2024-04,Dyfed-Powys Police,Dyfed-Powys Police,-5.027387,51.716492,On or near Castle Terrace,W01002012,Pembrokeshire 010E,Unable to prosecute suspect
09c3b728ba9c893ca301e98355903127e0da7bd640db802e1a71917d67443361,2024-04,Dyfed-Powys Police,Dyfed-Powys Police,-4.994689,51.759129,On or near Petrol Station,W01000575,Pembrokeshire 008C,Unable to prosecute suspect
a0eb890c4c8d4d8fe2040f409eb875d7429a41de00d49746547321920e831c73,2024-04,Dyfed-Powys Police,Dyfed-Powys Police,-3.160556,52.774082,On or near Dyffryn Foel,W01000470,Powys 001D,Unable to prosecute suspect
c54f7d018d8969ff77e5f0e22ec7873d628a6eed1f8383a2a85278d9c64856d4,2024-04,Dyfed-Powys Police,Dyfed-Powys Police,-4.466081,51.766818,On or near Orchard Park,W01000673,Carmarthenshire 027F,Unable to prosecute suspect
2ec37caf7a8ff09758378b02599444667caa8e3a00f83c0dee5a9117cae9ea29,2024-04,Dyfed-Powys Police,Dyfed-Powys Police,-4.911439,51.680922,On or near Olivers View,W01000607,Pembrokeshire 015C,Unable to prosecute suspect
0e4d4ba0fd0bcfd81c280bf93f4b127102be61dd7c04b6bd7199f2e63ecb7d76,2024-04,Dyfed-Powys Police,Dyfed-Powys Police,-5.044101,51.893654,On or near Y-Glyn,W01000579,Pembrokeshire 003A,Unable to prosecute suspect
994c608a565e83b78749a3feaa0da9fc5bd2ac39759f88609147b7dc8fb3e044,2024-04,Dyfed-Powys Police,Dyfed-Powys Police,,,No location,,,Unable to prosecute suspect
3517927d8f7ae10785a7ff41d72742f99bd4fcdd19b5f3d65bb2ec8b46b7e18d,2024-04,Dyfed-Powys Police,Dyfed-Powys Police,-4.617301,51.819924,On or near West Street,W01000735,Carmarthenshire 027D,Unable to prosecute suspect
445307710763aec33601bb66ee50a22b811aac0f38d3db33b50322fbcd143548,2024-04,Dyfed-Powys Police,Dyfed-Powys Police,-3.569204,51.920744,On or near Heol Cefn-Y-Gaer,W01000474,Powys 020B,Unable to prosecute suspect
0c265530154fc7d8f069ad08913872854b694a0c05fabefdecd5678ab65d20bf,2024-04,Dyfed-Powys Police,Dyfed-Powys Police,-4.817849,51.828376,On or near Sports/Recreation Area,W01000585,Pembrokeshire 007B,Unable to prosecute suspect
c74d3e1af2d34efef6031805209c75c6d380b56e42f51ac3cf47d73bded765d5,2024-04,Dyfed-Powys Police,Dyfed-Powys Police,-4.240395,51.718758,On or near Heol Llanelli,W01000730,Carmarthenshire 018D,Unable to prosecute suspect
c81e4ed1d3a6c7826e980ba6fda4437016a04d9b8d4db79f587901708379d07b,2024-04,Dyfed-Powys Police,Dyfed-Powys Police,,,No location,,,Unable to prosecute suspect
25c42aea626b77167f5f8b12dc14d9d17c5608597b4e9d458d2b20c1bb42ae64,2024-04,Dyfed-Powys Police,Dyfed-Powys Police,-4.167814,51.876194,On or near Glancothi Court,W01000682,Carmarthenshire 005B,Unable to prosecute suspect
1e0c8532d44484e91b8772f5b1c4542dfd953bddeac6a2bbfc182fc4763bea8d,2024-04,Dyfed-Powys Police,Dyfed-Powys Police,-4.167814,51.876194,On or near Glancothi Court,W01000682,Carmarthenshire 005B,Unable to prosecute suspect
38b3041d98cfa8eb594f44093a7fc4795745d35e8915a730db325464818ce23a,2024-04,Dyfed-Powys Police,Dyfed-Powys Police,-4.012059,51.793922,On or near Maes-Y-Dail,W01000725,Carmarthenshire 011D,Unable to prosecute suspect
9d46df58c55267fbf3d0a1041a70330a8e80d38fdc2bd112b4cadc97db3d3b3d,2024-04,Dyfed-Powys Police,Dyfed-Powys Police,-4.946904,51.693240,On or near Clarence Street,W01000600,Pembrokeshire 013A,Unable to prosecute suspect
44dcb5b13c564c6a1d6954de7d0d643021e4f1983a951cc31b7af2af7114b1d9,2024-04,Dyfed-Powys Police,Dyfed-Powys Police,-3.148308,52.655595,On or near Oldford View,W01000498,Powys 003A,Unable to prosecute suspect
4894f9584b332cd95f9870838fe1e4f7459734e167355977ba59cd11acc02972,2024-04,Dyfed-Powys Police,Dyfed-Powys Police,-3.131017,52.666721,On or near Bron Gungrog,W01000500,Powys 003C,Unable to prosecute suspect
a9b495abb784bf6ddcf912ae19b7e70721bcb8cf7f3e3ceacd271b3b45877586,2024-04,Dyfed-Powys Police,Dyfed-Powys Police,-4.968196,51.802402,On or near The Friars Lane,W01002009,Pembrokeshire 005E,Unable to prosecute suspect
302a8dfa1d91df106324b8f2d4d40e0d31fdb62d86f152b04630a7d026a1bbfb,2024-04,Dyfed-Powys Police,Dyfed-Powys Police,-3.332402,52.506350,On or near Orchard Walk,W01000483,Powys 009C,Unable to prosecute suspect
50e58d57bfb85567325881a18e8e2944353c6416f02985dfe46f7fa9da872631,2024-04,Dyfed-Powys Police,Dyfed-Powys Police,-4.156148,51.675551,On or near Christopher Street,W01000734,Carmarthenshire 026F,Unable to prosecute suspect
e705d5109efe64d9eace98b1ec7bfc6343976b4144aba56179d9debc66ab239c,2024-04,Dyfed-Powys Police,Dyfed-Powys Police,,,No location,,,Offender given a caution
e448990d3a07361ecceaaf79b88aa5e492f9cb28827ab1e3e2b478168807d203,2024-04,Dyfed-Powys Police,Dyfed-Powys Police,-4.531620,52.047927,On or near Spring Meadow,W01000519,Ceredigion 010A,Unable to prosecute suspect
a878ebfb18df4de0863486287e653e15c06c2d8eefa3f5d0e3bee9fd7ac813fb,2024-04,Dyfed-Powys Police,Dyfed-Powys Police,-3.342359,52.508674,On or near Minafon,W01000478,Powys 009A,Unable to prosecute suspect
129f5ae19b16630ab702a007b2cc646bdaaa5b318beab3fbc6737acf99e70ac6,2024-04,Dyfed-Powys Police,Dyfed-Powys Police,-4.468143,52.035957,On or near Ffinant Square,W01000646,Carmarthenshire 003A,Unable to prosecute suspect
7fc58cc4bf1603b3a1d3ff2869fb08d14747ccb3912454b95bced3dd09176f60,2024-04,Dyfed-Powys Police,Dyfed-Powys Police,-3.887385,51.673930,On or near Llys Ael-Y-Bryn,W01001993,Swansea 006E,Unable to prosecute suspect
a6b7dd8c46022db3ddd82707d3f92ebd2a05fdb2b090dd456735f797a4e486e5,2024-04,Dyfed-Powys Police,Dyfed-Powys Police,-4.142282,51.691587,On or near Ger-Y-Maes,W01000652,Carmarthenshire 020B,Unable to prosecute suspect
462e5262de17589413d6d21061ad8b9e758757d1c843fe9aeb12e6f3e70fda60,2024-04,Dyfed-Powys Police,Dyfed-Powys Police,,,No location,,,Unable to prosecute suspect
e45a4c7d032a706723b2f078ec6e7138acf8fe08e1800905bc5598f2424af559,2024-04,Dyfed-Powys Police,Dyfed-Powys Police,-3.753339,51.781953,On or near Lluest,W01000504,Powys 021D,Unable to prosecute suspect
2c373b82bdfddf685670411edff7d58b6f17e8dcf0297d561ca1c13e501808da,2024-04,Dyfed-Powys Police,Dyfed-Powys Police,,,No location,,,Unable to prosecute suspect
31b0c904750de2837d0d56110f92bd1c12bc5ea55eb5c244b93ea437504f45d6,2024-04,Dyfed-Powys Police,Dyfed-Powys Police,-4.169606,51.678109,On or near Albert Street,W01000654,Carmarthenshire 023B,Unable to prosecute suspect
d9c817b41196d60ada31fea2224fbfd9c0d1bfd4bfdee71f6c60500f7692f24a,2024-04,Dyfed-Powys Police,Dyfed-Powys Police,-4.312610,51.858976,On or near Morgan Street,W01000639,Carmarthenshire 007C,Unable to prosecute suspect
ac3c30e5f918d24709c3b89652e9ea3fbd20692f79b80edb6c86a9352ec3e136,2024-04,Dyfed-Powys Police,Dyfed-Powys Police,-5.022966,51.717064,On or near Birch Mead,W01000588,Pembrokeshire 010B,Unable to prosecute suspect
238c2aa3305519e08490feecdf360320bfc0005a767883639c1eab144eb4bbd0,2024-04,Dyfed-Powys Police,Dyfed-Powys Police,,,No location,,,Unable to prosecute suspect
371b3c3c90f756e3c252e77dee91f5f260e48643b74eba91b951e738fb352372,2024-04,Dyfed-Powys Police,Dyfed-Powys Police,,,No location,,,Unable to prosecute suspect
29e5b940d5d9a82bb73dbe0f893e259e0a9adcdc47efc9efc3d67efe00e80297,2024-04,Dyfed-Powys Police,Dyfed-Powys Police,-3.209446,52.028238,On or near Gwernyfed Park,W01000445,Powys 015C,Unable to prosecute suspect
8ae066fb5b8a5add9a3f4c15e1088ad11ea254d240e853e2d14d7ef069bec09b,2024-04,Dyfed-Powys Police,Dyfed-Powys Police,-4.495412,51.820039,On or near Pentre Road,W01000720,Carmarthenshire 027B,Unable to prosecute suspect
d88648234d93cd63ed9d4e865e583eaa7580be1bf171967995d9f15dce479fb9,2024-04,Dyfed-Powys Police,Dyfed-Powys Police,-4.069528,52.389570,On or near Crugyn Dimai,W01000534,Ceredigion 011B,Offender given a caution
4e6dcdecf0498195f4d7e1d6a277f42fbc2dab6092f6cc7a2b0f086989b51a63,2024-04,Dyfed-Powys Police,Dyfed-Powys Police,,,No location,,,Unable to prosecute suspect
54ea100d984861d9ff43bee5495da3d17e66ae31f15845c5b33d76ae10ed2da4,2024-04,Dyfed-Powys Police,Dyfed-Powys Police,,,No location,,,Unable to prosecute suspect
18663ee0c37dcacac8447d7c62de58e28f99b1b2ebff3e8b043fb4655056fc4b,2024-04,Dyfed-Powys Police,Dyfed-Powys Police,-4.121810,51.680512,On or near The Avenue,W01000708,Carmarthenshire 025E,Unable to prosecute suspect
9d4c6503a859225314b9df70be32b236c4efb588dbb718529cd59eb12a7ef0fa,2024-04,Dyfed-Powys Police,Dyfed-Powys Police,-5.002405,51.927329,On or near Old Rectory Close,W01000579,Pembrokeshire 003A,Unable to prosecute suspect
8dafa12d7e30d8299bbff6104ac04d1726cd2c6134f92d0154f8e339363c52e8,2024-04,Dyfed-Powys Police,Dyfed-Powys Police,-4.069528,52.389570,On or near Crugyn Dimai,W01000534,Ceredigion 011B,Offender given a caution
3b1f7dcd72cbbcb24b90ce83cefe2245608d02888e659bb0ca0b1c0205fc2daa,2024-04,Dyfed-Powys Police,Dyfed-Powys Police,-3.000470,52.271997,On or near Lugg View,W01000486,Powys 011G,Unable to prosecute suspect
d00d829ae88c0a2778b3e053f7756b25194093e3a855881f361dbda09dd5bee5,2024-04,Dyfed-Powys Police,Dyfed-Powys Police,-4.079700,51.699412,On or near Llys Cennech,W01000692,Carmarthenshire 019C,Unable to prosecute suspect
29038f2fcca48daeb6d5130d22eda063d32a3701530fefd12674490f45477d6b,2024-04,Dyfed-Powys Police,Dyfed-Powys Police,-3.305281,52.521424,On or near Oaklands Park,W01000481,Powys 008B,Unable to prosecute suspect
066569558c00cc4970df7f9db0ea6d5b2a56c22d28a83b151782f1103d136e73,2024-04,Dyfed-Powys Police,Dyfed-Powys Police,-4.713205,51.675851,On or near Heywood Court,W01000619,Pembrokeshire 016B,Unable to prosecute suspect
c285c24bdd1e6655a0abeaeac7b2ec4ee1564a7b917d20d382f1183af62dbeae,2024-04,Dyfed-Powys Police,Dyfed-Powys Police,-4.968042,51.806722,On or near Shopping Area,W01000572,Pembrokeshire 005D,Offender given a caution
4c2f24bf76fa48b1d253eee0e6c40709c6b63c8684302728325631da2a571ce6,2024-04,Dyfed-Powys Police,Dyfed-Powys Police,-4.112002,51.680491,On or near Pant Bryn Isaf,W01000636,Carmarthenshire 025B,Unable to prosecute suspect
6d28e26f9c0080cf151609cbbcfe79fb8b9dc0416da76d4f2bdccc14f27bf233,2024-04,Dyfed-Powys Police,Dyfed-Powys Police,,,No location,,,Unable to prosecute suspect
9c7f17eb3fcaece3ca4f2db00c01e2139c2fb6145aa3a5f056fae587bbc30b4b,2024-04,Dyfed-Powys Police,Dyfed-Powys Police,-4.983910,51.990567,On or near Parc Loktudi,W01000566,Pembrokeshire 002C,Action to be taken by another organisation
ccb68ac82ffc42d3376bd9214b5cee55d1b027170e0dc357d1b8c64cd03ea627,2024-04,Dyfed-Powys Police,Dyfed-Powys Police,-4.306821,51.857111,On or near Chapel Street,W01000641,Carmarthenshire 008A,Formal action is not in the public interest
7400e3fddddd272800fb552abb2547b2158b65965a38e983911aa827b5826f5b,2024-04,Dyfed-Powys Police,Dyfed-Powys Police,-3.765720,51.766733,On or near Glannant Terrace,W01000502,Powys 021C,Action to be taken by another organisation
fa5d32af0ae8b9cc27830238f6663157a89bd3c454c1f21aa0f5d86ea3ef2bd5,2024-04,Dyfed-Powys Police,Dyfed-Powys Police,-3.109334,52.669479,On or near Fisher Road,W01000497,Powys 005D,Action to be taken by another organisation
39bc2a0145d2d61be707dae7fd1beeb633df0850514ee57e035ac226ab394987,2024-04,Dyfed-Powys Police,Dyfed-Powys Police,-4.360177,52.211840,On or near Sgwar Ucheldir,W01002002,Ceredigion 007E,Suspect charged
383631d52bcb913f55d464a862bfe95c207a392d9d8df96104ca28261d7906c3,2024-04,Dyfed-Powys Police,Dyfed-Powys Police,-4.498734,51.842289,On or near Salem Road,W01000720,Carmarthenshire 027B,Suspect charged
2b1ff2bbd6fa1075e951e3f82510b27fa1695d492fa14cad962473f9a7a682d8,2024-04,Dyfed-Powys Police,Dyfed-Powys Police,-4.309329,51.856459,On or near Dark Gate,W01000641,Carmarthenshire 008A,Suspect charged
61955d3804454fccfe2aa881362df6f3c1a68af96c36b6f5399523e84fae14ba,2024-04,Dyfed-Powys Police,Dyfed-Powys Police,-4.123100,51.697862,On or near Heol Aur,W01000655,Carmarthenshire 020C,Suspect charged
237fb8499b415dabf7fab9268a230acd07917991193ac8d2fa8de3de6abf074c,2024-04,Dyfed-Powys Police,Dyfed-Powys Police,-4.777384,51.702922,On or near Cromwell Drive,W01000557,Pembrokeshire 014A,Formal action is not in the public interest
f1c82d4a9f4dbc1ebc9c0b72c08770b248bf4a85f8f6326b55f490685ed7342d,2024-04,Dyfed-Powys Police,Dyfed-Powys Police,-3.390316,52.599491,On or near Parking Area,W01000488,Powys 006C,Unable to prosecute suspect
2b4250111e9160e8a4d3a11a25ba38c63ec539b6cb4606366b92240d3cdd60f9,2024-04,Dyfed-Powys Police,Dyfed-Powys Police,-3.175390,52.654979,On or near Welshpool and Llanfair Light Railway,W01000498,Powys 003A,Formal action is not in the public interest
6ddf1f1d9f2111a32503cb9783f82b8ebce76588cb58fefe589039da4d5cea36,2024-04,Dyfed-Powys Police,Dyfed-Powys Police,-4.059999,52.416576,On or near Cefnllan,W01000525,Ceredigion 011A,Further action is not in the public interest
036cc6a78f3504a61534d9561492bf6ff3d4a65faf3ff8a62bd222c646e335d8,2024-04,Dyfed-Powys Police,Dyfed-Powys Police,-3.403104,52.150061,On or near Parking Area,W01000432,Powys 014B,Offender given a caution
d847317a18496cae51c36796674363e039bc87dc1e4f198de1263bd1fdfc6173,2024-04,Dyfed-Powys Police,Dyfed-Powys Police,,,No location,,,Further action is not in the public interest
9367369dd7cdb304e1e2add770e67c3c3fa3630b5ce0065a95490d48cd95e7bd,2024-04,Dyfed-Powys Police,Dyfed-Powys Police,-4.696597,51.671934,On or near Bridge Street,W01002014,Pembrokeshire 016E,Further action is not in the public interest
d0a9ff91e3a69151f1dd1dca2ec2f5b2f30dc787e2665d1ab4b1fd29d7183875,2024-04,Dyfed-Powys Police,Dyfed-Powys Police,-4.971520,51.801328,On or near St Mary's Street,W01002010,Pembrokeshire 005F,Offender given a caution
c259a30373d4908c08bf84fd01db3eb1b89758dd6b5f8269dd52f5475c89d333,2024-04,Dyfed-Powys Police,Dyfed-Powys Police,,,No location,,,Further action is not in the public interest
06520798794b9f3f04a53208c348678c7734746bb254bdb02d0c6a364428e7a6,2024-04,Dyfed-Powys Police,Dyfed-Powys Police,-4.161935,51.678875,On or near Bus/Coach Station,W01000733,Carmarthenshire 026E,Suspect charged
